run_id,pair_id,source_task,target_task,direction,mode,transfer_mode,epoch_budget,seed,E,K,F,fixed_ratio,approx_runtime_sec,approx_runtime_min,best_test_acc,final_test_acc,config_snapshot_mtime,run_summary_mtime,has_metrics_history
dyn_vehicles1_to_vehicles2_E8_K4_ep30_s1,vehicles1_to_vehicles2,vehicles1,vehicles2,vehicles1->vehicles2,target_dynamic,pure_dynamic,30,1,8,4,0,0.0,26.291,0.438,0.8099999928474426,0.7580000023841857,1775837044.64407,1775837070.9353466,True
hyb_vehicles1_to_vehicles2_E8_K4_F1_ep30_s1,vehicles1_to_vehicles2,vehicles1,vehicles2,vehicles1->vehicles2,hybrid_transfer,hybrid,30,1,8,4,1,0.25,27.452,0.458,0.7919999952316285,0.7919999952316285,1775838093.1549985,1775838120.6072052,True
hyb_vehicles1_to_vehicles2_E8_K4_F2_ep30_s1,vehicles1_to_vehicles2,vehicles1,vehicles2,vehicles1->vehicles2,hybrid_transfer,hybrid,30,1,8,4,2,0.5,26.848,0.447,0.8080000019073487,0.8080000019073487,1775838123.5472276,1775838150.3954375,True
hyb_vehicles1_to_vehicles2_E8_K4_F3_ep30_s1,vehicles1_to_vehicles2,vehicles1,vehicles2,vehicles1->vehicles2,hybrid_transfer,hybrid,30,1,8,4,3,0.75,26.924,0.449,0.788,0.788,1775838153.347461,1775838180.271679,True
fix_vehicles1_to_vehicles2_E8_K4_F4_ep30_s1,vehicles1_to_vehicles2,vehicles1,vehicles2,vehicles1->vehicles2,hybrid_transfer,pure_fixed,30,1,8,4,4,1.0,26.288,0.438,0.7859999928474426,0.7859999928474426,1775837297.8430474,1775837324.1307368,True
dyn_vehicles1_to_vehicles2_E16_K4_ep30_s1,vehicles1_to_vehicles2,vehicles1,vehicles2,vehicles1->vehicles2,target_dynamic,pure_dynamic,30,1,16,4,0,0.0,31.011,0.517,0.7679999957084656,0.8,1775836819.8661513,1775836850.8771043,True
hyb_vehicles1_to_vehicles2_E16_K4_F1_ep30_s1,vehicles1_to_vehicles2,vehicles1,vehicles2,vehicles1->vehicles2,hybrid_transfer,hybrid,30,1,16,4,1,0.25,31.352,0.523,0.7779999952316284,0.8219999928474426,1775837327.0427046,1775837358.3943803,True
hyb_vehicles1_to_vehicles2_E16_K4_F2_ep30_s1,vehicles1_to_vehicles2,vehicles1,vehicles2,vehicles1->vehicles2,hybrid_transfer,hybrid,30,1,16,4,2,0.5,31.288,0.521,0.7619999980926514,0.8199999928474426,1775837361.350352,1775837392.6380754,True
hyb_vehicles1_to_vehicles2_E16_K4_F3_ep30_s1,vehicles1_to_vehicles2,vehicles1,vehicles2,vehicles1->vehicles2,hybrid_transfer,hybrid,30,1,16,4,3,0.75,30.18,0.503,0.8220000042915344,0.8259999952316284,1775837395.5380516,1775837425.7178261,True
fix_vehicles1_to_vehicles2_E16_K4_F4_ep30_s1,vehicles1_to_vehicles2,vehicles1,vehicles2,vehicles1->vehicles2,hybrid_transfer,pure_fixed,30,1,16,4,4,1.0,29.883,0.498,0.798,0.8179999952316284,1775837073.9512672,1775837103.834516,True
dyn_vehicles1_to_vehicles2_E16_K6_ep30_s1,vehicles1_to_vehicles2,vehicles1,vehicles2,vehicles1->vehicles2,target_dynamic,pure_dynamic,30,1,16,6,0,0.0,29.812,0.497,0.8140000047683715,0.8039999976158142,1775836853.839482,1775836883.6512115,True
hyb_vehicles1_to_vehicles2_E16_K6_F1_ep30_s1,vehicles1_to_vehicles2,vehicles1,vehicles2,vehicles1->vehicles2,hybrid_transfer,hybrid,30,1,16,6,1,0.16666666666666666,32.024,0.534,0.7819999952316284,0.8119999928474426,1775837428.669806,1775837460.693608,True
hyb_vehicles1_to_vehicles2_E16_K6_F2_ep30_s1,vehicles1_to_vehicles2,vehicles1,vehicles2,vehicles1->vehicles2,hybrid_transfer,hybrid,30,1,16,6,2,0.3333333333333333,31.684,0.528,0.7839999928474426,0.7639999933242798,1775837463.7415912,1775837495.425435,True
hyb_vehicles1_to_vehicles2_E16_K6_F4_ep30_s1,vehicles1_to_vehicles2,vehicles1,vehicles2,vehicles1->vehicles2,hybrid_transfer,hybrid,30,1,16,6,4,0.6666666666666666,31.712,0.529,0.7500000023841857,0.7819999952316284,1775837498.3254223,1775837530.0373025,True
fix_vehicles1_to_vehicles2_E16_K6_F6_ep30_s1,vehicles1_to_vehicles2,vehicles1,vehicles2,vehicles1->vehicles2,hybrid_transfer,pure_fixed,30,1,16,6,6,1.0,30.895,0.515,0.7899999976158142,0.7879999928474426,1775837106.7344465,1775837137.6297436,True
dyn_vehicles1_to_vehicles2_E16_K8_ep30_s1,vehicles1_to_vehicles2,vehicles1,vehicles2,vehicles1->vehicles2,target_dynamic,pure_dynamic,30,1,16,8,0,0.0,30.951,0.516,0.804,0.798,1775836886.5376413,1775836917.4888623,True
hyb_vehicles1_to_vehicles2_E16_K8_F1_ep30_s1,vehicles1_to_vehicles2,vehicles1,vehicles2,vehicles1->vehicles2,hybrid_transfer,hybrid,30,1,16,8,1,0.125,31.312,0.522,0.7500000023841857,0.8140000019073487,1775837532.933293,1775837564.2452083,True
hyb_vehicles1_to_vehicles2_E16_K8_F2_ep30_s1,vehicles1_to_vehicles2,vehicles1,vehicles2,vehicles1->vehicles2,hybrid_transfer,hybrid,30,1,16,8,2,0.25,31.636,0.527,0.7899999933242798,0.8159999952316285,1775837567.153202,1775837598.7891479,True
hyb_vehicles1_to_vehicles2_E16_K8_F4_ep30_s1,vehicles1_to_vehicles2,vehicles1,vehicles2,vehicles1->vehicles2,hybrid_transfer,hybrid,30,1,16,8,4,0.5,31.784,0.53,0.7719999933242798,0.8059999976158142,1775837601.7331443,1775837633.5171201,True
hyb_vehicles1_to_vehicles2_E16_K8_F6_ep30_s1,vehicles1_to_vehicles2,vehicles1,vehicles2,vehicles1->vehicles2,hybrid_transfer,hybrid,30,1,16,8,6,0.75,30.756,0.513,0.8000000047683716,0.7899999933242798,1775837636.4211192,1775837667.1771224,True
fix_vehicles1_to_vehicles2_E16_K8_F8_ep30_s1,vehicles1_to_vehicles2,vehicles1,vehicles2,vehicles1->vehicles2,hybrid_transfer,pure_fixed,30,1,16,8,8,1.0,30.295,0.505,0.7780000047683716,0.8039999952316285,1775837140.5376809,1775837170.8330595,True
dyn_vehicles1_to_vehicles2_E32_K4_ep30_s1,vehicles1_to_vehicles2,vehicles1,vehicles2,vehicles1->vehicles2,target_dynamic,pure_dynamic,30,1,32,4,0,0.0,37.356,0.623,0.8200000019073487,0.7879999995231628,1775836920.4272747,1775836957.783166,True
hyb_vehicles1_to_vehicles2_E32_K4_F1_ep30_s1,vehicles1_to_vehicles2,vehicles1,vehicles2,vehicles1->vehicles2,hybrid_transfer,hybrid,30,1,32,4,1,0.25,37.756,0.629,0.8119999952316285,0.8099999976158142,1775837670.201124,1775837707.9571614,True
hyb_vehicles1_to_vehicles2_E32_K4_F2_ep30_s1,vehicles1_to_vehicles2,vehicles1,vehicles2,vehicles1->vehicles2,hybrid_transfer,hybrid,30,1,32,4,2,0.5,39.676,0.661,0.7859999952316284,0.7859999952316284,1775837710.9291656,1775837750.6052413,True
hyb_vehicles1_to_vehicles2_E32_K4_F3_ep30_s1,vehicles1_to_vehicles2,vehicles1,vehicles2,vehicles1->vehicles2,hybrid_transfer,hybrid,30,1,32,4,3,0.75,38.736,0.646,0.8040000042915344,0.7660000042915345,1775837753.425248,1775837792.1613545,True
fix_vehicles1_to_vehicles2_E32_K4_F4_ep30_s1,vehicles1_to_vehicles2,vehicles1,vehicles2,vehicles1->vehicles2,hybrid_transfer,pure_fixed,30,1,32,4,4,1.0,37.527,0.625,0.8279999947547912,0.7980000019073487,1775837173.849001,1775837211.3763182,True
dyn_vehicles1_to_vehicles2_E32_K6_ep30_s1,vehicles1_to_vehicles2,vehicles1,vehicles2,vehicles1->vehicles2,target_dynamic,pure_dynamic,30,1,32,6,0,0.0,39.192,0.653,0.7519999976158143,0.8080000019073487,1775836960.745577,1775836999.9374292,True
hyb_vehicles1_to_vehicles2_E32_K6_F1_ep30_s1,vehicles1_to_vehicles2,vehicles1,vehicles2,vehicles1->vehicles2,hybrid_transfer,hybrid,30,1,32,6,1,0.16666666666666666,39.736,0.662,0.7759999952316284,0.7999999971389771,1775837795.1853642,1775837834.921505,True
hyb_vehicles1_to_vehicles2_E32_K6_F2_ep30_s1,vehicles1_to_vehicles2,vehicles1,vehicles2,vehicles1->vehicles2,hybrid_transfer,hybrid,30,1,32,6,2,0.3333333333333333,40.472,0.675,0.8340000038146973,0.7979999995231628,1775837837.8415165,1775837878.3136897,True
hyb_vehicles1_to_vehicles2_E32_K6_F4_ep30_s1,vehicles1_to_vehicles2,vehicles1,vehicles2,vehicles1->vehicles2,hybrid_transfer,hybrid,30,1,32,6,4,0.6666666666666666,39.384,0.656,0.7979999952316285,0.7979999952316285,1775837881.2297032,1775837920.6138985,True
fix_vehicles1_to_vehicles2_E32_K6_F6_ep30_s1,vehicles1_to_vehicles2,vehicles1,vehicles2,vehicles1->vehicles2,hybrid_transfer,pure_fixed,30,1,32,6,6,1.0,38.883,0.648,0.8220000019073487,0.8099999971389771,1775837214.3562675,1775837253.2396529,True
dyn_vehicles1_to_vehicles2_E32_K8_ep30_s1,vehicles1_to_vehicles2,vehicles1,vehicles2,vehicles1->vehicles2,target_dynamic,pure_dynamic,30,1,32,8,0,0.0,38.891,0.648,0.8119999995231628,0.8040000042915344,1775837002.8293362,1775837041.7201538,True
hyb_vehicles1_to_vehicles2_E32_K8_F1_ep30_s1,vehicles1_to_vehicles2,vehicles1,vehicles2,vehicles1->vehicles2,hybrid_transfer,hybrid,30,1,32,8,1,0.125,39.708,0.662,0.8139999995231628,0.8039999995231628,1775837923.529914,1775837963.238135,True
hyb_vehicles1_to_vehicles2_E32_K8_F2_ep30_s1,vehicles1_to_vehicles2,vehicles1,vehicles2,vehicles1->vehicles2,hybrid_transfer,hybrid,30,1,32,8,2,0.25,39.992,0.667,0.8040000042915344,0.7740000042915344,1775837966.130152,1775838006.122398,True
hyb_vehicles1_to_vehicles2_E32_K8_F4_ep30_s1,vehicles1_to_vehicles2,vehicles1,vehicles2,vehicles1->vehicles2,hybrid_transfer,hybrid,30,1,32,8,4,0.5,38.084,0.635,0.7959999976158142,0.7959999976158142,1775838009.1544173,1775838047.2386708,True
hyb_vehicles1_to_vehicles2_E32_K8_F6_ep30_s1,vehicles1_to_vehicles2,vehicles1,vehicles2,vehicles1->vehicles2,hybrid_transfer,hybrid,30,1,32,8,6,0.75,39.996,0.667,0.8239999995231628,0.8319999947547912,1775838050.1786911,1775838090.1749766,True
fix_vehicles1_to_vehicles2_E32_K8_F8_ep30_s1,vehicles1_to_vehicles2,vehicles1,vehicles2,vehicles1->vehicles2,hybrid_transfer,pure_fixed,30,1,32,8,8,1.0,38.795,0.647,0.7799999952316284,0.7739999928474426,1775837256.1196108,1775837294.9150841,True
dyn_vehicles1_to_vehicles2_E8_K4_ep40_s1,vehicles1_to_vehicles2,vehicles1,vehicles2,vehicles1->vehicles2,target_dynamic,pure_dynamic,40,1,8,4,0,0.0,34.669,0.578,0.7859999952316284,0.8259999947547912,1775840346.0557294,1775840380.7250047,True
hyb_vehicles1_to_vehicles2_E8_K4_F1_ep40_s1,vehicles1_to_vehicles2,vehicles1,vehicles2,vehicles1->vehicles2,hybrid_transfer,hybrid,40,1,8,4,1,0.25,34.216,0.57,0.8040000014305114,0.8259999995231628,1775841690.2071297,1775841724.4235926,True
hyb_vehicles1_to_vehicles2_E8_K4_F2_ep40_s1,vehicles1_to_vehicles2,vehicles1,vehicles2,vehicles1->vehicles2,hybrid_transfer,hybrid,40,1,8,4,2,0.5,34.512,0.575,0.7759999976158142,0.8499999923706054,1775841727.3236327,1775841761.8361192,True
hyb_vehicles1_to_vehicles2_E8_K4_F3_ep40_s1,vehicles1_to_vehicles2,vehicles1,vehicles2,vehicles1->vehicles2,hybrid_transfer,hybrid,40,1,8,4,3,0.75,35.053,0.584,0.8099999995231628,0.8179999971389771,1775841764.7281606,1775841799.7806737,True
fix_vehicles1_to_vehicles2_E8_K4_F4_ep40_s1,vehicles1_to_vehicles2,vehicles1,vehicles2,vehicles1->vehicles2,hybrid_transfer,pure_fixed,40,1,8,4,4,1.0,33.931,0.566,0.778,0.8219999947547912,1775840672.9282782,1775840706.858991,True
dyn_vehicles1_to_vehicles2_E16_K4_ep40_s1,vehicles1_to_vehicles2,vehicles1,vehicles2,vehicles1->vehicles2,target_dynamic,pure_dynamic,40,1,16,4,0,0.0,39.618,0.66,0.7560000023841857,0.75,1775840056.3208058,1775840095.938333,True
hyb_vehicles1_to_vehicles2_E16_K4_F1_ep40_s1,vehicles1_to_vehicles2,vehicles1,vehicles2,vehicles1->vehicles2,hybrid_transfer,hybrid,40,1,16,4,1,0.25,39.639,0.661,0.8259999995231628,0.8259999995231628,1775840709.7988856,1775840749.4375582,True
hyb_vehicles1_to_vehicles2_E16_K4_F2_ep40_s1,vehicles1_to_vehicles2,vehicles1,vehicles2,vehicles1->vehicles2,hybrid_transfer,hybrid,40,1,16,4,2,0.5,41.463,0.691,0.8079999995231628,0.8079999995231628,1775840752.4694636,1775840793.9322617,True
hyb_vehicles1_to_vehicles2_E16_K4_F3_ep40_s1,vehicles1_to_vehicles2,vehicles1,vehicles2,vehicles1->vehicles2,hybrid_transfer,hybrid,40,1,16,4,3,0.75,40.935,0.682,0.7999999952316285,0.7979999971389771,1775840796.8401837,1775840837.775169,True
fix_vehicles1_to_vehicles2_E16_K4_F4_ep40_s1,vehicles1_to_vehicles2,vehicles1,vehicles2,vehicles1->vehicles2,hybrid_transfer,pure_fixed,40,1,16,4,4,1.0,40.504,0.675,0.8059999928474426,0.7220000004768372,1775840383.7331152,1775840424.2372897,True
dyn_vehicles1_to_vehicles2_E16_K6_ep40_s1,vehicles1_to_vehicles2,vehicles1,vehicles2,vehicles1->vehicles2,target_dynamic,pure_dynamic,40,1,16,6,0,0.0,38.997,0.65,0.7819999976158142,0.7940000042915344,1775840098.854445,1775840137.8519356,True
hyb_vehicles1_to_vehicles2_E16_K6_F1_ep40_s1,vehicles1_to_vehicles2,vehicles1,vehicles2,vehicles1->vehicles2,hybrid_transfer,hybrid,40,1,16,6,1,0.16666666666666666,40.311,0.672,0.8100000019073487,0.8039999923706055,1775840840.7591007,1775840881.070254,True
hyb_vehicles1_to_vehicles2_E16_K6_F2_ep40_s1,vehicles1_to_vehicles2,vehicles1,vehicles2,vehicles1->vehicles2,hybrid_transfer,hybrid,40,1,16,6,2,0.3333333333333333,41.495,0.692,0.8000000019073487,0.764,1775840884.0301974,1775840925.5254714,True
hyb_vehicles1_to_vehicles2_E16_K6_F4_ep40_s1,vehicles1_to_vehicles2,vehicles1,vehicles2,vehicles1->vehicles2,hybrid_transfer,hybrid,40,1,16,6,4,0.6666666666666666,40.647,0.677,0.7580000042915345,0.7639999976158142,1775840928.4254258,1775840969.072846,True
fix_vehicles1_to_vehicles2_E16_K6_F6_ep40_s1,vehicles1_to_vehicles2,vehicles1,vehicles2,vehicles1->vehicles2,hybrid_transfer,pure_fixed,40,1,16,6,6,1.0,39.861,0.664,0.8239999947547912,0.7479999957084655,1775840427.1396105,1775840467.0007102,True
dyn_vehicles1_to_vehicles2_E16_K8_ep40_s1,vehicles1_to_vehicles2,vehicles1,vehicles2,vehicles1->vehicles2,target_dynamic,pure_dynamic,40,1,16,8,0,0.0,40.902,0.682,0.7939999971389771,0.8199999971389771,1775840140.748046,1775840181.649597,True
hyb_vehicles1_to_vehicles2_E16_K8_F1_ep40_s1,vehicles1_to_vehicles2,vehicles1,vehicles2,vehicles1->vehicles2,hybrid_transfer,hybrid,40,1,16,8,1,0.125,40.364,0.673,0.8160000038146973,0.7899999976158142,1775840972.040808,1775841012.4043505,True
hyb_vehicles1_to_vehicles2_E16_K8_F2_ep40_s1,vehicles1_to_vehicles2,vehicles1,vehicles2,vehicles1->vehicles2,hybrid_transfer,hybrid,40,1,16,8,2,0.25,42.04,0.701,0.8119999947547912,0.8200000019073487,1775841015.3483212,1775841057.3879595,True
hyb_vehicles1_to_vehicles2_E16_K8_F4_ep40_s1,vehicles1_to_vehicles2,vehicles1,vehicles2,vehicles1->vehicles2,hybrid_transfer,hybrid,40,1,16,8,4,0.5,41.076,0.685,0.8200000019073487,0.8099999947547912,1775841060.2199388,1775841101.2956889,True
hyb_vehicles1_to_vehicles2_E16_K8_F6_ep40_s1,vehicles1_to_vehicles2,vehicles1,vehicles2,vehicles1->vehicles2,hybrid_transfer,hybrid,40,1,16,8,6,0.75,41.356,0.689,0.8060000042915344,0.7699999952316284,1775841104.2556744,1775841145.6115174,True
fix_vehicles1_to_vehicles2_E16_K8_F8_ep40_s1,vehicles1_to_vehicles2,vehicles1,vehicles2,vehicles1->vehicles2,hybrid_transfer,pure_fixed,40,1,16,8,8,1.0,39.278,0.655,0.8200000014305114,0.7820000042915344,1775840469.9989996,1775840509.2767358,True
dyn_vehicles1_to_vehicles2_E32_K4_ep40_s1,vehicles1_to_vehicles2,vehicles1,vehicles2,vehicles1->vehicles2,target_dynamic,pure_dynamic,40,1,32,4,0,0.0,50.542,0.842,0.8179999971389771,0.7939999947547912,1775840184.541706,1775840235.083607,True
hyb_vehicles1_to_vehicles2_E32_K4_F1_ep40_s1,vehicles1_to_vehicles2,vehicles1,vehicles2,vehicles1->vehicles2,hybrid_transfer,hybrid,40,1,32,4,1,0.25,51.752,0.863,0.8119999995231628,0.7760000019073486,1775841148.5395095,1775841200.2914348,True
hyb_vehicles1_to_vehicles2_E32_K4_F2_ep40_s1,vehicles1_to_vehicles2,vehicles1,vehicles2,vehicles1->vehicles2,hybrid_transfer,hybrid,40,1,32,4,2,0.5,50.744,0.846,0.8339999990463257,0.7780000019073486,1775841203.2474341,1775841253.991479,True
hyb_vehicles1_to_vehicles2_E32_K4_F3_ep40_s1,vehicles1_to_vehicles2,vehicles1,vehicles2,vehicles1->vehicles2,hybrid_transfer,hybrid,40,1,32,4,3,0.75,51.712,0.862,0.8399999947547913,0.7939999971389771,1775841256.9354846,1775841308.6476383,True
fix_vehicles1_to_vehicles2_E32_K4_F4_ep40_s1,vehicles1_to_vehicles2,vehicles1,vehicles2,vehicles1->vehicles2,hybrid_transfer,pure_fixed,40,1,32,4,4,1.0,51.235,0.854,0.8140000019073487,0.7859999971389771,1775840512.1711054,1775840563.406469,True
dyn_vehicles1_to_vehicles2_E32_K6_ep40_s1,vehicles1_to_vehicles2,vehicles1,vehicles2,vehicles1->vehicles2,target_dynamic,pure_dynamic,40,1,32,6,0,0.0,51.41,0.857,0.7679999976158142,0.7780000042915344,1775840238.0477178,1775840289.457635,True
hyb_vehicles1_to_vehicles2_E32_K6_F1_ep40_s1,vehicles1_to_vehicles2,vehicles1,vehicles2,vehicles1->vehicles2,hybrid_transfer,hybrid,40,1,32,6,1,0.16666666666666666,50.628,0.844,0.8020000019073487,0.7940000019073487,1775841311.57965,1775841362.2078953,True
hyb_vehicles1_to_vehicles2_E32_K6_F2_ep40_s1,vehicles1_to_vehicles2,vehicles1,vehicles2,vehicles1->vehicles2,hybrid_transfer,hybrid,40,1,32,6,2,0.3333333333333333,52.344,0.872,0.7599999976158142,0.7979999971389771,1775841365.1999125,1775841417.5442553,True
hyb_vehicles1_to_vehicles2_E32_K6_F4_ep40_s1,vehicles1_to_vehicles2,vehicles1,vehicles2,vehicles1->vehicles2,hybrid_transfer,hybrid,40,1,32,6,4,0.6666666666666666,51.616,0.86,0.7819999928474426,0.7539999928474427,1775841420.4762769,1775841472.0926945,True
fix_vehicles1_to_vehicles2_E32_K6_F6_ep40_s1,vehicles1_to_vehicles2,vehicles1,vehicles2,vehicles1->vehicles2,hybrid_transfer,pure_fixed,40,1,32,6,6,1.0,49.858,0.831,0.8179999947547912,0.7800000019073486,1775840566.344839,1775840616.202745,True
dyn_vehicles1_to_vehicles2_E32_K8_ep40_s1,vehicles1_to_vehicles2,vehicles1,vehicles2,vehicles1->vehicles2,target_dynamic,pure_dynamic,40,1,32,8,0,0.0,50.79,0.846,0.8000000042915344,0.7840000019073486,1775840292.3537426,1775840343.143622,True
hyb_vehicles1_to_vehicles2_E32_K8_F1_ep40_s1,vehicles1_to_vehicles2,vehicles1,vehicles2,vehicles1->vehicles2,hybrid_transfer,hybrid,40,1,32,8,1,0.125,50.736,0.846,0.8119999947547912,0.7700000042915345,1775841475.0327203,1775841525.7692,True
hyb_vehicles1_to_vehicles2_E32_K8_F2_ep40_s1,vehicles1_to_vehicles2,vehicles1,vehicles2,vehicles1->vehicles2,hybrid_transfer,hybrid,40,1,32,8,2,0.25,50.341,0.839,0.8139999995231628,0.7939999971389771,1775841528.6212287,1775841578.9617658,True
hyb_vehicles1_to_vehicles2_E32_K8_F4_ep40_s1,vehicles1_to_vehicles2,vehicles1,vehicles2,vehicles1->vehicles2,hybrid_transfer,hybrid,40,1,32,8,4,0.5,50.285,0.838,0.8039999995231628,0.7979999971389771,1775841581.833798,1775841632.1183891,True
hyb_vehicles1_to_vehicles2_E32_K8_F6_ep40_s1,vehicles1_to_vehicles2,vehicles1,vehicles2,vehicles1->vehicles2,hybrid_transfer,hybrid,40,1,32,8,6,0.75,52.361,0.873,0.7979999952316285,0.8059999971389771,1775841635.0304248,1775841687.3910925,True
fix_vehicles1_to_vehicles2_E32_K8_F8_ep40_s1,vehicles1_to_vehicles2,vehicles1,vehicles2,vehicles1->vehicles2,hybrid_transfer,pure_fixed,40,1,32,8,8,1.0,50.886,0.848,0.8260000019073487,0.7799999947547913,1775840619.1506064,1775840670.0363941,True
dyn_vehicles1_to_vehicles2_E8_K4_ep50_s1,vehicles1_to_vehicles2,vehicles1,vehicles2,vehicles1->vehicles2,target_dynamic,pure_dynamic,50,1,8,4,0,0.0,43.069,0.718,0.8219999947547912,0.8060000014305114,1775842849.4433875,1775842892.5126762,True
hyb_vehicles1_to_vehicles2_E8_K4_F1_ep50_s1,vehicles1_to_vehicles2,vehicles1,vehicles2,vehicles1->vehicles2,hybrid_transfer,hybrid,50,1,8,4,1,0.25,44.285,0.738,0.8279999971389771,0.8199999990463257,1775844500.2226138,1775844544.5077388,True
hyb_vehicles1_to_vehicles2_E8_K4_F2_ep50_s1,vehicles1_to_vehicles2,vehicles1,vehicles2,vehicles1->vehicles2,hybrid_transfer,hybrid,50,1,8,4,2,0.5,43.258,0.721,0.8340000014305115,0.8039999947547912,1775844547.4401283,1775844590.6977367,True
hyb_vehicles1_to_vehicles2_E8_K4_F3_ep50_s1,vehicles1_to_vehicles2,vehicles1,vehicles2,vehicles1->vehicles2,hybrid_transfer,hybrid,50,1,8,4,3,0.75,43.621,0.727,0.7839999952316284,0.8099999995231628,1775844593.6341085,1775844637.2555048,True
fix_vehicles1_to_vehicles2_E8_K4_F4_ep50_s1,vehicles1_to_vehicles2,vehicles1,vehicles2,vehicles1->vehicles2,hybrid_transfer,pure_fixed,50,1,8,4,4,1.0,42.572,0.71,0.8159999928474426,0.8199999971389771,1775843252.2288418,1775843294.8004131,True
dyn_vehicles1_to_vehicles2_E16_K4_ep50_s1,vehicles1_to_vehicles2,vehicles1,vehicles2,vehicles1->vehicles2,target_dynamic,pure_dynamic,50,1,16,4,0,0.0,50.938,0.849,0.7799999928474426,0.7700000019073486,1775842493.2267454,1775842544.164607,True
hyb_vehicles1_to_vehicles2_E16_K4_F1_ep50_s1,vehicles1_to_vehicles2,vehicles1,vehicles2,vehicles1->vehicles2,hybrid_transfer,hybrid,50,1,16,4,1,0.25,49.424,0.824,0.8479999923706054,0.7980000042915344,1775843297.720654,1775843347.1446538,True
hyb_vehicles1_to_vehicles2_E16_K4_F2_ep50_s1,vehicles1_to_vehicles2,vehicles1,vehicles2,vehicles1->vehicles2,hybrid_transfer,hybrid,50,1,16,4,2,0.5,49.404,0.823,0.8219999947547912,0.7880000019073486,1775843350.0368836,1775843399.4407399,True
hyb_vehicles1_to_vehicles2_E16_K4_F3_ep50_s1,vehicles1_to_vehicles2,vehicles1,vehicles2,vehicles1->vehicles2,hybrid_transfer,hybrid,50,1,16,4,3,0.75,50.16,0.836,0.8239999947547912,0.7659999952316284,1775843402.3409622,1775843452.5007465,True
fix_vehicles1_to_vehicles2_E16_K4_F4_ep50_s1,vehicles1_to_vehicles2,vehicles1,vehicles2,vehicles1->vehicles2,hybrid_transfer,pure_fixed,50,1,16,4,4,1.0,49.538,0.826,0.8279999923706055,0.782,1775842895.5050342,1775842945.0427928,True
dyn_vehicles1_to_vehicles2_E16_K6_ep50_s1,vehicles1_to_vehicles2,vehicles1,vehicles2,vehicles1->vehicles2,target_dynamic,pure_dynamic,50,1,16,6,0,0.0,50.001,0.833,0.8379999990463257,0.7999999995231628,1775842547.0451436,1775842597.0461195,True
hyb_vehicles1_to_vehicles2_E16_K6_F1_ep50_s1,vehicles1_to_vehicles2,vehicles1,vehicles2,vehicles1->vehicles2,hybrid_transfer,hybrid,50,1,16,6,1,0.16666666666666666,50.732,0.846,0.8379999990463257,0.7700000042915345,1775843455.456966,1775843506.1886723,True
hyb_vehicles1_to_vehicles2_E16_K6_F2_ep50_s1,vehicles1_to_vehicles2,vehicles1,vehicles2,vehicles1->vehicles2,hybrid_transfer,hybrid,50,1,16,6,2,0.3333333333333333,50.88,0.848,0.8119999971389771,0.8099999923706055,1775843509.0408776,1775843559.9204848,True
hyb_vehicles1_to_vehicles2_E16_K6_F4_ep50_s1,vehicles1_to_vehicles2,vehicles1,vehicles2,vehicles1->vehicles2,hybrid_transfer,hybrid,50,1,16,6,4,0.6666666666666666,48.719,0.812,0.8079999923706055,0.7939999923706055,1775843562.840689,1775843611.56005,True
fix_vehicles1_to_vehicles2_E16_K6_F6_ep50_s1,vehicles1_to_vehicles2,vehicles1,vehicles2,vehicles1->vehicles2,hybrid_transfer,pure_fixed,50,1,16,6,6,1.0,49.149,0.819,0.7920000042915344,0.7900000042915344,1775842947.9631226,1775842997.1125264,True
dyn_vehicles1_to_vehicles2_E16_K8_ep50_s1,vehicles1_to_vehicles2,vehicles1,vehicles2,vehicles1->vehicles2,target_dynamic,pure_dynamic,50,1,16,8,0,0.0,50.312,0.839,0.8239999971389771,0.7860000019073486,1775842600.0466385,1775842650.359034,True
hyb_vehicles1_to_vehicles2_E16_K8_F1_ep50_s1,vehicles1_to_vehicles2,vehicles1,vehicles2,vehicles1->vehicles2,hybrid_transfer,hybrid,50,1,16,8,1,0.125,51.783,0.863,0.8399999966621399,0.8019999928474426,1775843614.4282453,1775843666.2117276,True
hyb_vehicles1_to_vehicles2_E16_K8_F2_ep50_s1,vehicles1_to_vehicles2,vehicles1,vehicles2,vehicles1->vehicles2,hybrid_transfer,hybrid,50,1,16,8,2,0.25,51.303,0.855,0.8240000014305114,0.75,1775843669.1319218,1775843720.4352896,True
hyb_vehicles1_to_vehicles2_E16_K8_F4_ep50_s1,vehicles1_to_vehicles2,vehicles1,vehicles2,vehicles1->vehicles2,hybrid_transfer,hybrid,50,1,16,8,4,0.5,51.219,0.854,0.8299999947547912,0.8079999923706055,1775843723.3474786,1775843774.5667675,True
hyb_vehicles1_to_vehicles2_E16_K8_F6_ep50_s1,vehicles1_to_vehicles2,vehicles1,vehicles2,vehicles1->vehicles2,hybrid_transfer,hybrid,50,1,16,8,6,0.75,50.487,0.841,0.8079999952316285,0.8120000038146973,1775843777.534956,1775843828.0221334,True
fix_vehicles1_to_vehicles2_E16_K8_F8_ep50_s1,vehicles1_to_vehicles2,vehicles1,vehicles2,vehicles1->vehicles2,hybrid_transfer,pure_fixed,50,1,16,8,8,1.0,51.689,0.861,0.8359999990463257,0.7780000042915344,1775843000.0408397,1775843051.730223,True
dyn_vehicles1_to_vehicles2_E32_K4_ep50_s1,vehicles1_to_vehicles2,vehicles1,vehicles2,vehicles1->vehicles2,target_dynamic,pure_dynamic,50,1,32,4,0,0.0,61.894,1.032,0.8139999947547912,0.8040000042915344,1775842653.3395138,1775842715.2330635,True
hyb_vehicles1_to_vehicles2_E32_K4_F1_ep50_s1,vehicles1_to_vehicles2,vehicles1,vehicles2,vehicles1->vehicles2,hybrid_transfer,hybrid,50,1,32,4,1,0.25,64.648,1.077,0.8059999995231628,0.7839999976158142,1775843830.9263144,1775843895.5742996,True
hyb_vehicles1_to_vehicles2_E32_K4_F2_ep50_s1,vehicles1_to_vehicles2,vehicles1,vehicles2,vehicles1->vehicles2,hybrid_transfer,hybrid,50,1,32,4,2,0.5,64.004,1.067,0.7799999952316284,0.7940000042915344,1775843898.550481,1775843962.5543454,True
hyb_vehicles1_to_vehicles2_E32_K4_F3_ep50_s1,vehicles1_to_vehicles2,vehicles1,vehicles2,vehicles1->vehicles2,hybrid_transfer,hybrid,50,1,32,4,3,0.75,63.305,1.055,0.8199999971389771,0.8119999928474426,1775843965.4665196,1775844028.7718832,True
fix_vehicles1_to_vehicles2_E32_K4_F4_ep50_s1,vehicles1_to_vehicles2,vehicles1,vehicles2,vehicles1->vehicles2,hybrid_transfer,pure_fixed,50,1,32,4,4,1.0,61.918,1.032,0.8099999995231628,0.7919999952316285,1775843054.6105149,1775843116.528604,True
dyn_vehicles1_to_vehicles2_E32_K6_ep50_s1,vehicles1_to_vehicles2,vehicles1,vehicles2,vehicles1->vehicles2,target_dynamic,pure_dynamic,50,1,32,6,0,0.0,63.569,1.059,0.8019999923706055,0.7660000042915345,1775842718.2535102,1775842781.8225293,True
hyb_vehicles1_to_vehicles2_E32_K6_F1_ep50_s1,vehicles1_to_vehicles2,vehicles1,vehicles2,vehicles1->vehicles2,hybrid_transfer,hybrid,50,1,32,6,1,0.16666666666666666,61.609,1.027,0.8099999971389771,0.8099999971389771,1775844031.6386178,1775844093.2473953,True
hyb_vehicles1_to_vehicles2_E32_K6_F2_ep50_s1,vehicles1_to_vehicles2,vehicles1,vehicles2,vehicles1->vehicles2,hybrid_transfer,hybrid,50,1,32,6,2,0.3333333333333333,64.443,1.074,0.8219999947547912,0.8019999971389771,1775844096.2180815,1775844160.661552,True
hyb_vehicles1_to_vehicles2_E32_K6_F4_ep50_s1,vehicles1_to_vehicles2,vehicles1,vehicles2,vehicles1->vehicles2,hybrid_transfer,hybrid,50,1,32,6,4,0.6666666666666666,62.344,1.039,0.8120000042915344,0.8120000042915344,1775844163.5362782,1775844225.880632,True
fix_vehicles1_to_vehicles2_E32_K6_F6_ep50_s1,vehicles1_to_vehicles2,vehicles1,vehicles2,vehicles1->vehicles2,hybrid_transfer,pure_fixed,50,1,32,6,6,1.0,64.362,1.073,0.8259999947547912,0.8380000019073486,1775843119.4248805,1775843183.786844,True
dyn_vehicles1_to_vehicles2_E32_K8_ep50_s1,vehicles1_to_vehicles2,vehicles1,vehicles2,vehicles1->vehicles2,target_dynamic,pure_dynamic,50,1,32,8,0,0.0,61.744,1.029,0.8279999923706055,0.8060000042915344,1775842784.758929,1775842846.5030167,True
hyb_vehicles1_to_vehicles2_E32_K8_F1_ep50_s1,vehicles1_to_vehicles2,vehicles1,vehicles2,vehicles1->vehicles2,hybrid_transfer,hybrid,50,1,32,8,1,0.125,66.446,1.107,0.8179999928474426,0.7600000047683716,1775844228.843317,1775844295.2898076,True
hyb_vehicles1_to_vehicles2_E32_K8_F2_ep50_s1,vehicles1_to_vehicles2,vehicles1,vehicles2,vehicles1->vehicles2,hybrid_transfer,hybrid,50,1,32,8,2,0.25,64.167,1.069,0.8239999923706055,0.7999999947547912,1775844298.2404962,1775844362.4070663,True
hyb_vehicles1_to_vehicles2_E32_K8_F4_ep50_s1,vehicles1_to_vehicles2,vehicles1,vehicles2,vehicles1->vehicles2,hybrid_transfer,hybrid,50,1,32,8,4,0.5,65.136,1.086,0.8280000038146973,0.8280000038146973,1775844365.3392282,1775844430.47481,True
hyb_vehicles1_to_vehicles2_E32_K8_F6_ep50_s1,vehicles1_to_vehicles2,vehicles1,vehicles2,vehicles1->vehicles2,hybrid_transfer,hybrid,50,1,32,8,6,0.75,63.891,1.065,0.8019999976158142,0.8019999976158142,1775844433.4469726,1775844497.338457,True
fix_vehicles1_to_vehicles2_E32_K8_F8_ep50_s1,vehicles1_to_vehicles2,vehicles1,vehicles2,vehicles1->vehicles2,hybrid_transfer,pure_fixed,50,1,32,8,8,1.0,62.469,1.041,0.8199999976158142,0.8120000042915344,1775843186.7631118,1775843249.2325861,True
dyn_vehicles1_to_vehicles2_E8_K4_ep60_s1,vehicles1_to_vehicles2,vehicles1,vehicles2,vehicles1->vehicles2,target_dynamic,pure_dynamic,60,1,8,4,0,0.0,48.673,0.811,0.8339999923706055,0.7740000019073486,1775882487.9901118,1775882536.6635354,True
hyb_vehicles1_to_vehicles2_E8_K4_F1_ep60_s1,vehicles1_to_vehicles2,vehicles1,vehicles2,vehicles1->vehicles2,hybrid_transfer,hybrid,60,1,8,4,1,0.25,47.344,0.789,0.8359999923706055,0.7419999952316284,1775884310.3095348,1775884357.6537533,True
hyb_vehicles1_to_vehicles2_E8_K4_F2_ep60_s1,vehicles1_to_vehicles2,vehicles1,vehicles2,vehicles1->vehicles2,hybrid_transfer,hybrid,60,1,8,4,2,0.5,48.636,0.811,0.8079999947547912,0.7840000042915344,1775884360.4577675,1775884409.094035,True
hyb_vehicles1_to_vehicles2_E8_K4_F3_ep60_s1,vehicles1_to_vehicles2,vehicles1,vehicles2,vehicles1->vehicles2,hybrid_transfer,hybrid,60,1,8,4,3,0.75,46.952,0.783,0.8040000019073487,0.7399999933242798,1775884411.8740513,1775884458.8263469,True
fix_vehicles1_to_vehicles2_E8_K4_F4_ep60_s1,vehicles1_to_vehicles2,vehicles1,vehicles2,vehicles1->vehicles2,hybrid_transfer,pure_fixed,60,1,8,4,4,1.0,47.037,0.784,0.8519999923706054,0.7319999933242798,1775882927.5582645,1775882974.5954943,True
dyn_vehicles1_to_vehicles2_E16_K4_ep60_s1,vehicles1_to_vehicles2,vehicles1,vehicles2,vehicles1->vehicles2,target_dynamic,pure_dynamic,60,1,16,4,0,0.0,53.894,0.898,0.7999999971389771,0.8140000019073487,1775882095.405413,1775882149.2993207,True
hyb_vehicles1_to_vehicles2_E16_K4_F1_ep60_s1,vehicles1_to_vehicles2,vehicles1,vehicles2,vehicles1->vehicles2,hybrid_transfer,hybrid,60,1,16,4,1,0.25,56.257,0.938,0.8239999923706055,0.8280000014305114,1775882977.427568,1775883033.685026,True
hyb_vehicles1_to_vehicles2_E16_K4_F2_ep60_s1,vehicles1_to_vehicles2,vehicles1,vehicles2,vehicles1->vehicles2,hybrid_transfer,hybrid,60,1,16,4,2,0.5,56.185,0.936,0.8259999966621399,0.7760000042915344,1775883036.3930957,1775883092.5785391,True
hyb_vehicles1_to_vehicles2_E16_K4_F3_ep60_s1,vehicles1_to_vehicles2,vehicles1,vehicles2,vehicles1->vehicles2,hybrid_transfer,hybrid,60,1,16,4,3,0.75,55.521,0.925,0.8380000038146973,0.7859999928474426,1775883095.3786108,1775883150.9000263,True
fix_vehicles1_to_vehicles2_E16_K4_F4_ep60_s1,vehicles1_to_vehicles2,vehicles1,vehicles2,vehicles1->vehicles2,hybrid_transfer,pure_fixed,60,1,16,4,4,1.0,55.69,0.928,0.7859999976158142,0.7980000019073487,1775882539.6996233,1775882595.3892212,True
dyn_vehicles1_to_vehicles2_E16_K6_ep60_s1,vehicles1_to_vehicles2,vehicles1,vehicles2,vehicles1->vehicles2,target_dynamic,pure_dynamic,60,1,16,6,0,0.0,54.57,0.909,0.8239999971389771,0.8159999995231628,1775882152.1074183,1775882206.6772835,True
hyb_vehicles1_to_vehicles2_E16_K6_F1_ep60_s1,vehicles1_to_vehicles2,vehicles1,vehicles2,vehicles1->vehicles2,hybrid_transfer,hybrid,60,1,16,6,1,0.16666666666666666,56.861,0.948,0.8220000038146973,0.7859999952316284,1775883153.6280956,1775883210.489535,True
hyb_vehicles1_to_vehicles2_E16_K6_F2_ep60_s1,vehicles1_to_vehicles2,vehicles1,vehicles2,vehicles1->vehicles2,hybrid_transfer,hybrid,60,1,16,6,2,0.3333333333333333,56.605,0.943,0.8339999942779541,0.8059999928474426,1775883213.2136037,1775883269.8190277,True
hyb_vehicles1_to_vehicles2_E16_K6_F4_ep60_s1,vehicles1_to_vehicles2,vehicles1,vehicles2,vehicles1->vehicles2,hybrid_transfer,hybrid,60,1,16,6,4,0.6666666666666666,56.525,0.942,0.8219999923706055,0.8219999923706055,1775883272.5990975,1775883329.1245112,True
fix_vehicles1_to_vehicles2_E16_K6_F6_ep60_s1,vehicles1_to_vehicles2,vehicles1,vehicles2,vehicles1->vehicles2,hybrid_transfer,pure_fixed,60,1,16,6,6,1.0,53.87,0.898,0.8179999971389771,0.8239999947547912,1775882598.2893035,1775882652.1588216,True
dyn_vehicles1_to_vehicles2_E16_K8_ep60_s1,vehicles1_to_vehicles2,vehicles1,vehicles2,vehicles1->vehicles2,target_dynamic,pure_dynamic,60,1,16,8,0,0.0,56.514,0.942,0.8439999942779541,0.8259999923706055,1775882209.5573802,1775882266.071249,True
hyb_vehicles1_to_vehicles2_E16_K8_F1_ep60_s1,vehicles1_to_vehicles2,vehicles1,vehicles2,vehicles1->vehicles2,hybrid_transfer,hybrid,60,1,16,8,1,0.125,56.845,0.947,0.8240000014305114,0.8199999923706055,1775883331.8925803,1775883388.7379951,True
hyb_vehicles1_to_vehicles2_E16_K8_F2_ep60_s1,vehicles1_to_vehicles2,vehicles1,vehicles2,vehicles1->vehicles2,hybrid_transfer,hybrid,60,1,16,8,2,0.25,56.153,0.936,0.8219999947547912,0.8020000042915344,1775883391.518064,1775883447.6714056,True
hyb_vehicles1_to_vehicles2_E16_K8_F4_ep60_s1,vehicles1_to_vehicles2,vehicles1,vehicles2,vehicles1->vehicles2,hybrid_transfer,hybrid,60,1,16,8,4,0.5,56.258,0.938,0.8159999966621398,0.7559999957084655,1775883450.4152994,1775883506.6732857,True
hyb_vehicles1_to_vehicles2_E16_K8_F6_ep60_s1,vehicles1_to_vehicles2,vehicles1,vehicles2,vehicles1->vehicles2,hybrid_transfer,hybrid,60,1,16,8,6,0.75,54.886,0.915,0.8180000014305114,0.7980000042915344,1775883509.425195,1775883564.3115246,True
fix_vehicles1_to_vehicles2_E16_K8_F8_ep60_s1,vehicles1_to_vehicles2,vehicles1,vehicles2,vehicles1->vehicles2,hybrid_transfer,pure_fixed,60,1,16,8,8,1.0,55.614,0.927,0.8100000019073487,0.8179999947547912,1775882654.9068983,1775882710.5204399,True
dyn_vehicles1_to_vehicles2_E32_K4_ep60_s1,vehicles1_to_vehicles2,vehicles1,vehicles2,vehicles1->vehicles2,target_dynamic,pure_dynamic,60,1,32,4,0,0.0,70.69,1.178,0.8059999995231628,0.8199999947547912,1775882268.9633431,1775882339.6536014,True
hyb_vehicles1_to_vehicles2_E32_K4_F1_ep60_s1,vehicles1_to_vehicles2,vehicles1,vehicles2,vehicles1->vehicles2,hybrid_transfer,hybrid,60,1,32,4,1,0.25,71.039,1.184,0.8199999995231628,0.8079999923706055,1775883567.0154488,1775883638.0546334,True
hyb_vehicles1_to_vehicles2_E32_K4_F2_ep60_s1,vehicles1_to_vehicles2,vehicles1,vehicles2,vehicles1->vehicles2,hybrid_transfer,hybrid,60,1,32,4,2,0.5,71.055,1.184,0.8320000019073487,0.7979999976158142,1775883640.8131917,1775883711.8682346,True
hyb_vehicles1_to_vehicles2_E32_K4_F3_ep60_s1,vehicles1_to_vehicles2,vehicles1,vehicles2,vehicles1->vehicles2,hybrid_transfer,hybrid,60,1,32,4,3,0.75,70.484,1.175,0.8099999928474426,0.7520000023841857,1775883714.6188104,1775883785.1031697,True
fix_vehicles1_to_vehicles2_E32_K4_F4_ep60_s1,vehicles1_to_vehicles2,vehicles1,vehicles2,vehicles1->vehicles2,hybrid_transfer,pure_fixed,60,1,32,4,4,1.0,67.554,1.126,0.7980000019073487,0.7920000019073486,1775882713.3045163,1775882780.8583581,True
dyn_vehicles1_to_vehicles2_E32_K6_ep60_s1,vehicles1_to_vehicles2,vehicles1,vehicles2,vehicles1->vehicles2,target_dynamic,pure_dynamic,60,1,32,6,0,0.0,70.326,1.172,0.8359999971389771,0.8219999971389771,1775882342.4656897,1775882412.7918606,True
hyb_vehicles1_to_vehicles2_E32_K6_F1_ep60_s1,vehicles1_to_vehicles2,vehicles1,vehicles2,vehicles1->vehicles2,hybrid_transfer,hybrid,60,1,32,6,1,0.16666666666666666,71.619,1.194,0.7919999995231628,0.8000000042915344,1775883787.8431332,1775883859.4623177,True
hyb_vehicles1_to_vehicles2_E32_K6_F2_ep60_s1,vehicles1_to_vehicles2,vehicles1,vehicles2,vehicles1->vehicles2,hybrid_transfer,hybrid,60,1,32,6,2,0.3333333333333333,70.683,1.178,0.7860000042915344,0.778,1775883862.1902914,1775883932.8737273,True
hyb_vehicles1_to_vehicles2_E32_K6_F4_ep60_s1,vehicles1_to_vehicles2,vehicles1,vehicles2,vehicles1->vehicles2,hybrid_transfer,hybrid,60,1,32,6,4,0.6666666666666666,72.48,1.208,0.8399999923706055,0.7739999976158142,1775883935.6457095,1775884008.1253462,True
fix_vehicles1_to_vehicles2_E32_K6_F6_ep60_s1,vehicles1_to_vehicles2,vehicles1,vehicles2,vehicles1->vehicles2,hybrid_transfer,pure_fixed,60,1,32,6,6,1.0,70.598,1.177,0.8339999923706055,0.8060000042915344,1775882783.5544312,1775882854.1523244,True
dyn_vehicles1_to_vehicles2_E32_K8_ep60_s1,vehicles1_to_vehicles2,vehicles1,vehicles2,vehicles1->vehicles2,target_dynamic,pure_dynamic,60,1,32,8,0,0.0,69.49,1.158,0.8399999966621399,0.8060000042915344,1775882415.6519475,1775882485.1420279,True
hyb_vehicles1_to_vehicles2_E32_K8_F1_ep60_s1,vehicles1_to_vehicles2,vehicles1,vehicles2,vehicles1->vehicles2,hybrid_transfer,hybrid,60,1,32,8,1,0.125,72.084,1.201,0.7999999995231628,0.8080000019073487,1775884010.9653358,1775884083.0491612,True
hyb_vehicles1_to_vehicles2_E32_K8_F2_ep60_s1,vehicles1_to_vehicles2,vehicles1,vehicles2,vehicles1->vehicles2,hybrid_transfer,hybrid,60,1,32,8,2,0.25,73.94,1.232,0.8319999995231628,0.7780000023841858,1775884085.765158,1775884159.7051454,True
hyb_vehicles1_to_vehicles2_E32_K8_F4_ep60_s1,vehicles1_to_vehicles2,vehicles1,vehicles2,vehicles1->vehicles2,hybrid_transfer,hybrid,60,1,32,8,4,0.5,71.496,1.192,0.8280000014305114,0.8139999947547912,1775884162.597148,1775884234.0932748,True
hyb_vehicles1_to_vehicles2_E32_K8_F6_ep60_s1,vehicles1_to_vehicles2,vehicles1,vehicles2,vehicles1->vehicles2,hybrid_transfer,hybrid,60,1,32,8,6,0.75,70.68,1.178,0.8059999971389771,0.7619999976158142,1775884236.8972821,1775884307.5775232,True
fix_vehicles1_to_vehicles2_E32_K8_F8_ep60_s1,vehicles1_to_vehicles2,vehicles1,vehicles2,vehicles1->vehicles2,hybrid_transfer,pure_fixed,60,1,32,8,8,1.0,67.874,1.131,0.8379999990463257,0.8139999995231628,1775882856.9683993,1775882924.8421934,True
dyn_vehicles1_to_vehicles2_E8_K4_ep80_s1,vehicles1_to_vehicles2,vehicles1,vehicles2,vehicles1->vehicles2,target_dynamic,pure_dynamic,80,1,8,4,0,0.0,65.87,1.098,0.7999999995231628,0.8379999923706055,1775929731.041237,1775929796.9116259,True
dyn_vehicles1_to_vehicles2_E8_K4_ep80_s3,vehicles1_to_vehicles2,vehicles1,vehicles2,vehicles1->vehicles2,target_dynamic,pure_dynamic,80,3,8,4,0,0.0,66.01,1.1,0.8420000038146973,0.8379999990463257,1775929799.7237265,1775929865.7340536,True
hyb_vehicles1_to_vehicles2_E8_K4_F1_ep80_s1,vehicles1_to_vehicles2,vehicles1,vehicles2,vehicles1->vehicles2,hybrid_transfer,hybrid,80,1,8,4,1,0.25,69.302,1.155,0.8259999990463257,0.8480000014305115,1775934953.2592688,1775935022.561186,True
hyb_vehicles1_to_vehicles2_E8_K4_F1_ep80_s3,vehicles1_to_vehicles2,vehicles1,vehicles2,vehicles1->vehicles2,hybrid_transfer,hybrid,80,3,8,4,1,0.25,68.069,1.134,0.8399999971389771,0.8399999966621399,1775935025.5134292,1775935093.582848,True
hyb_vehicles1_to_vehicles2_E8_K4_F2_ep80_s1,vehicles1_to_vehicles2,vehicles1,vehicles2,vehicles1->vehicles2,hybrid_transfer,hybrid,80,1,8,4,2,0.5,70.093,1.168,0.8199999971389771,0.8199999971389771,1775935096.4550693,1775935166.5482965,True
hyb_vehicles1_to_vehicles2_E8_K4_F2_ep80_s3,vehicles1_to_vehicles2,vehicles1,vehicles2,vehicles1->vehicles2,hybrid_transfer,hybrid,80,3,8,4,2,0.5,68.753,1.146,0.8579999966621399,0.8579999966621399,1775935169.436505,1775935238.1893299,True
hyb_vehicles1_to_vehicles2_E8_K4_F3_ep80_s1,vehicles1_to_vehicles2,vehicles1,vehicles2,vehicles1->vehicles2,hybrid_transfer,hybrid,80,1,8,4,3,0.75,68.929,1.149,0.8360000014305115,0.851999997138977,1775935241.1575322,1775935310.0861077,True
hyb_vehicles1_to_vehicles2_E8_K4_F3_ep80_s3,vehicles1_to_vehicles2,vehicles1,vehicles2,vehicles1->vehicles2,hybrid_transfer,hybrid,80,3,8,4,3,0.75,69.036,1.151,0.8419999990463257,0.8279999923706055,1775935313.0542996,1775935382.0906544,True
fix_vehicles1_to_vehicles2_E8_K4_F4_ep80_s1,vehicles1_to_vehicles2,vehicles1,vehicles2,vehicles1->vehicles2,hybrid_transfer,pure_fixed,80,1,8,4,4,1.0,68.592,1.143,0.8460000038146973,0.8320000019073487,1775930996.737201,1775931065.3295329,True
fix_vehicles1_to_vehicles2_E8_K4_F4_ep80_s3,vehicles1_to_vehicles2,vehicles1,vehicles2,vehicles1->vehicles2,hybrid_transfer,pure_fixed,80,3,8,4,4,1.0,69.776,1.163,0.8419999923706055,0.8120000042915344,1775931068.2697132,1775931138.0458722,True
dyn_vehicles1_to_vehicles2_E16_K4_ep80_s1,vehicles1_to_vehicles2,vehicles1,vehicles2,vehicles1->vehicles2,target_dynamic,pure_dynamic,80,1,16,4,0,0.0,78.115,1.302,0.8400000038146973,0.8199999990463257,1775928635.4253411,1775928713.5408378,True
dyn_vehicles1_to_vehicles2_E16_K4_ep80_s3,vehicles1_to_vehicles2,vehicles1,vehicles2,vehicles1->vehicles2,target_dynamic,pure_dynamic,80,3,16,4,0,0.0,76.267,1.271,0.8320000038146973,0.8360000038146973,1775928716.4411008,1775928792.707671,True
hyb_vehicles1_to_vehicles2_E16_K4_F1_ep80_s1,vehicles1_to_vehicles2,vehicles1,vehicles2,vehicles1->vehicles2,hybrid_transfer,hybrid,80,1,16,4,1,0.25,82.453,1.374,0.8480000014305115,0.8079999995231628,1775931141.0620472,1775931223.5146852,True
hyb_vehicles1_to_vehicles2_E16_K4_F1_ep80_s3,vehicles1_to_vehicles2,vehicles1,vehicles2,vehicles1->vehicles2,hybrid_transfer,hybrid,80,3,16,4,1,0.25,81.96,1.366,0.8219999971389771,0.8240000038146973,1775931226.478847,1775931308.439205,True
hyb_vehicles1_to_vehicles2_E16_K4_F2_ep80_s1,vehicles1_to_vehicles2,vehicles1,vehicles2,vehicles1->vehicles2,hybrid_transfer,hybrid,80,1,16,4,2,0.5,82.392,1.373,0.8379999923706055,0.8399999990463257,1775931311.3713567,1775931393.7635229,True
hyb_vehicles1_to_vehicles2_E16_K4_F2_ep80_s3,vehicles1_to_vehicles2,vehicles1,vehicles2,vehicles1->vehicles2,hybrid_transfer,hybrid,80,3,16,4,2,0.5,83.42,1.39,0.8080000019073487,0.7779999976158142,1775931396.763671,1775931480.1837034,True
hyb_vehicles1_to_vehicles2_E16_K4_F3_ep80_s1,vehicles1_to_vehicles2,vehicles1,vehicles2,vehicles1->vehicles2,hybrid_transfer,hybrid,80,1,16,4,3,0.75,79.732,1.329,0.8280000038146973,0.8359999947547913,1775931483.1678445,1775931562.8995507,True
hyb_vehicles1_to_vehicles2_E16_K4_F3_ep80_s3,vehicles1_to_vehicles2,vehicles1,vehicles2,vehicles1->vehicles2,hybrid_transfer,hybrid,80,3,16,4,3,0.75,80.964,1.349,0.8339999966621399,0.7999999923706055,1775931565.8316846,1775931646.7953224,True
fix_vehicles1_to_vehicles2_E16_K4_F4_ep80_s1,vehicles1_to_vehicles2,vehicles1,vehicles2,vehicles1->vehicles2,hybrid_transfer,pure_fixed,80,1,16,4,4,1.0,79.371,1.323,0.8380000038146973,0.8399999971389771,1775929868.7261577,1775929948.0968792,True
fix_vehicles1_to_vehicles2_E16_K4_F4_ep80_s3,vehicles1_to_vehicles2,vehicles1,vehicles2,vehicles1->vehicles2,hybrid_transfer,pure_fixed,80,3,16,4,4,1.0,79.099,1.318,0.8420000014305115,0.7780000042915344,1775929951.1929839,1775930030.2916245,True
dyn_vehicles1_to_vehicles2_E16_K6_ep80_s1,vehicles1_to_vehicles2,vehicles1,vehicles2,vehicles1->vehicles2,target_dynamic,pure_dynamic,80,1,16,6,0,0.0,78.282,1.305,0.8280000057220459,0.8280000057220459,1775928795.5319018,1775928873.8139884,True
dyn_vehicles1_to_vehicles2_E16_K6_ep80_s3,vehicles1_to_vehicles2,vehicles1,vehicles2,vehicles1->vehicles2,target_dynamic,pure_dynamic,80,3,16,6,0,0.0,79.706,1.328,0.8019999995231628,0.8239999923706055,1775928876.6421976,1775928956.3478115,True
hyb_vehicles1_to_vehicles2_E16_K6_F1_ep80_s1,vehicles1_to_vehicles2,vehicles1,vehicles2,vehicles1->vehicles2,hybrid_transfer,hybrid,80,1,16,6,1,0.16666666666666666,84.432,1.407,0.8400000014305115,0.8340000014305115,1775931649.9874635,1775931734.4191427,True
hyb_vehicles1_to_vehicles2_E16_K6_F1_ep80_s3,vehicles1_to_vehicles2,vehicles1,vehicles2,vehicles1->vehicles2,hybrid_transfer,hybrid,80,3,16,6,1,0.16666666666666666,82.508,1.375,0.8300000038146973,0.7579999976158142,1775931737.3712695,1775931819.8787699,True
hyb_vehicles1_to_vehicles2_E16_K6_F2_ep80_s1,vehicles1_to_vehicles2,vehicles1,vehicles2,vehicles1->vehicles2,hybrid_transfer,hybrid,80,1,16,6,2,0.3333333333333333,78.535,1.309,0.8339999990463257,0.8100000019073487,1775931822.9068968,1775931901.4421544,True
hyb_vehicles1_to_vehicles2_E16_K6_F2_ep80_s3,vehicles1_to_vehicles2,vehicles1,vehicles2,vehicles1->vehicles2,hybrid_transfer,hybrid,80,3,16,6,2,0.3333333333333333,82.231,1.371,0.8280000038146973,0.7880000019073486,1775931904.3502738,1775931986.581619,True
hyb_vehicles1_to_vehicles2_E16_K6_F4_ep80_s1,vehicles1_to_vehicles2,vehicles1,vehicles2,vehicles1->vehicles2,hybrid_transfer,hybrid,80,1,16,6,4,0.6666666666666666,83.439,1.391,0.8340000038146973,0.8139999995231628,1775931989.5657394,1775932073.0050757,True
hyb_vehicles1_to_vehicles2_E16_K6_F4_ep80_s3,vehicles1_to_vehicles2,vehicles1,vehicles2,vehicles1->vehicles2,hybrid_transfer,hybrid,80,3,16,6,4,0.6666666666666666,84.351,1.406,0.8259999971389771,0.8139999971389771,1775932075.9451923,1775932160.2965145,True
fix_vehicles1_to_vehicles2_E16_K6_F6_ep80_s1,vehicles1_to_vehicles2,vehicles1,vehicles2,vehicles1->vehicles2,hybrid_transfer,pure_fixed,80,1,16,6,6,1.0,77.287,1.288,0.8560000014305115,0.8099999971389771,1775930033.3437252,1775930110.6302469,True
fix_vehicles1_to_vehicles2_E16_K6_F6_ep80_s3,vehicles1_to_vehicles2,vehicles1,vehicles2,vehicles1->vehicles2,hybrid_transfer,pure_fixed,80,3,16,6,6,1.0,78.771,1.313,0.8140000014305114,0.7980000019073487,1775930113.5263405,1775930192.2968595,True
dyn_vehicles1_to_vehicles2_E16_K8_ep80_s1,vehicles1_to_vehicles2,vehicles1,vehicles2,vehicles1->vehicles2,target_dynamic,pure_dynamic,80,1,16,8,0,0.0,78.113,1.302,0.8580000014305115,0.8260000019073487,1775928959.2920089,1775929037.4050229,True
dyn_vehicles1_to_vehicles2_E16_K8_ep80_s3,vehicles1_to_vehicles2,vehicles1,vehicles2,vehicles1->vehicles2,target_dynamic,pure_dynamic,80,3,16,8,0,0.0,78.105,1.302,0.8280000014305114,0.7919999995231628,1775929040.3452034,1775929118.449805,True
hyb_vehicles1_to_vehicles2_E16_K8_F1_ep80_s1,vehicles1_to_vehicles2,vehicles1,vehicles2,vehicles1->vehicles2,hybrid_transfer,hybrid,80,1,16,8,1,0.125,81.863,1.364,0.8220000038146973,0.8139999947547912,1775932163.3606346,1775932245.2238178,True
hyb_vehicles1_to_vehicles2_E16_K8_F1_ep80_s3,vehicles1_to_vehicles2,vehicles1,vehicles2,vehicles1->vehicles2,hybrid_transfer,hybrid,80,3,16,8,1,0.125,85.051,1.418,0.8239999923706055,0.8099999947547912,1775932248.1759322,1775932333.2272034,True
hyb_vehicles1_to_vehicles2_E16_K8_F2_ep80_s1,vehicles1_to_vehicles2,vehicles1,vehicles2,vehicles1->vehicles2,hybrid_transfer,hybrid,80,1,16,8,2,0.25,83.699,1.395,0.8380000038146973,0.8119999947547912,1775932336.1473153,1775932419.8465044,True
hyb_vehicles1_to_vehicles2_E16_K8_F2_ep80_s3,vehicles1_to_vehicles2,vehicles1,vehicles2,vehicles1->vehicles2,hybrid_transfer,hybrid,80,3,16,8,2,0.25,83.667,1.394,0.8139999990463257,0.8139999990463257,1775932422.8226173,1775932506.48978,True
hyb_vehicles1_to_vehicles2_E16_K8_F4_ep80_s1,vehicles1_to_vehicles2,vehicles1,vehicles2,vehicles1->vehicles2,hybrid_transfer,hybrid,80,1,16,8,4,0.5,84.751,1.413,0.8179999942779541,0.8260000014305114,1775932509.4538915,1775932594.2050736,True
hyb_vehicles1_to_vehicles2_E16_K8_F4_ep80_s3,vehicles1_to_vehicles2,vehicles1,vehicles2,vehicles1->vehicles2,hybrid_transfer,hybrid,80,3,16,8,4,0.5,85.432,1.424,0.8179999923706055,0.8239999947547912,1775932597.153184,1775932682.58471,True
hyb_vehicles1_to_vehicles2_E16_K8_F6_ep80_s1,vehicles1_to_vehicles2,vehicles1,vehicles2,vehicles1->vehicles2,hybrid_transfer,hybrid,80,1,16,8,6,0.75,81.813,1.364,0.8339999990463257,0.8079999923706055,1775932685.5485752,1775932767.3613188,True
hyb_vehicles1_to_vehicles2_E16_K8_F6_ep80_s3,vehicles1_to_vehicles2,vehicles1,vehicles2,vehicles1->vehicles2,hybrid_transfer,hybrid,80,3,16,8,6,0.75,85.553,1.426,0.8279999947547912,0.8220000038146973,1775932770.2372198,1775932855.790696,True
fix_vehicles1_to_vehicles2_E16_K8_F8_ep80_s1,vehicles1_to_vehicles2,vehicles1,vehicles2,vehicles1->vehicles2,hybrid_transfer,pure_fixed,80,1,16,8,8,1.0,79.655,1.328,0.8159999971389771,0.8340000014305115,1775930195.2889545,1775930274.9434574,True
fix_vehicles1_to_vehicles2_E16_K8_F8_ep80_s3,vehicles1_to_vehicles2,vehicles1,vehicles2,vehicles1->vehicles2,hybrid_transfer,pure_fixed,80,3,16,8,8,1.0,82.203,1.37,0.8339999923706055,0.8019999947547912,1775930277.9235501,1775930360.1260934,True
dyn_vehicles1_to_vehicles2_E32_K4_ep80_s1,vehicles1_to_vehicles2,vehicles1,vehicles2,vehicles1->vehicles2,target_dynamic,pure_dynamic,80,1,32,4,0,0.0,97.861,1.631,0.8399999990463257,0.7999999928474426,1775929121.3539693,1775929219.2152472,True
dyn_vehicles1_to_vehicles2_E32_K4_ep80_s3,vehicles1_to_vehicles2,vehicles1,vehicles2,vehicles1->vehicles2,target_dynamic,pure_dynamic,80,3,32,4,0,0.0,97.265,1.621,0.8019999923706055,0.8199999947547912,1775929222.279405,1775929319.544204,True
hyb_vehicles1_to_vehicles2_E32_K4_F1_ep80_s1,vehicles1_to_vehicles2,vehicles1,vehicles2,vehicles1->vehicles2,hybrid_transfer,hybrid,80,1,32,4,1,0.25,104.578,1.743,0.8279999995231628,0.7759999928474426,1775932858.84662,1775932963.4245522,True
hyb_vehicles1_to_vehicles2_E32_K4_F1_ep80_s3,vehicles1_to_vehicles2,vehicles1,vehicles2,vehicles1->vehicles2,hybrid_transfer,hybrid,80,3,32,4,1,0.25,98.835,1.647,0.8239999995231628,0.8320000019073487,1775932966.3685079,1775933065.2033985,True
hyb_vehicles1_to_vehicles2_E32_K4_F2_ep80_s1,vehicles1_to_vehicles2,vehicles1,vehicles2,vehicles1->vehicles2,hybrid_transfer,hybrid,80,1,32,4,2,0.5,100.904,1.682,0.8280000014305114,0.7840000042915344,1775933068.1633759,1775933169.0669343,True
hyb_vehicles1_to_vehicles2_E32_K4_F2_ep80_s3,vehicles1_to_vehicles2,vehicles1,vehicles2,vehicles1->vehicles2,hybrid_transfer,hybrid,80,3,32,4,2,0.5,102.048,1.701,0.8059999923706055,0.8019999947547912,1775933172.11893,1775933274.1670637,True
hyb_vehicles1_to_vehicles2_E32_K4_F3_ep80_s1,vehicles1_to_vehicles2,vehicles1,vehicles2,vehicles1->vehicles2,hybrid_transfer,hybrid,80,1,32,4,3,0.75,100.837,1.681,0.8300000042915344,0.7819999928474426,1775933277.1510751,1775933377.987674,True
hyb_vehicles1_to_vehicles2_E32_K4_F3_ep80_s3,vehicles1_to_vehicles2,vehicles1,vehicles2,vehicles1->vehicles2,hybrid_transfer,hybrid,80,3,32,4,3,0.75,100.481,1.675,0.8139999971389771,0.8139999971389771,1775933380.9356976,1775933481.4166713,True
fix_vehicles1_to_vehicles2_E32_K4_F4_ep80_s1,vehicles1_to_vehicles2,vehicles1,vehicles2,vehicles1->vehicles2,hybrid_transfer,pure_fixed,80,1,32,4,4,1.0,102.722,1.712,0.8579999990463257,0.7839999952316284,1775930363.0381827,1775930465.7604234,True
fix_vehicles1_to_vehicles2_E32_K4_F4_ep80_s3,vehicles1_to_vehicles2,vehicles1,vehicles2,vehicles1->vehicles2,hybrid_transfer,pure_fixed,80,3,32,4,4,1.0,103.171,1.72,0.8299999947547912,0.8019999995231628,1775930468.6710553,1775930571.8425477,True
dyn_vehicles1_to_vehicles2_E32_K6_ep80_s1,vehicles1_to_vehicles2,vehicles1,vehicles2,vehicles1->vehicles2,target_dynamic,pure_dynamic,80,1,32,6,0,0.0,99.261,1.654,0.7599999928474426,0.8119999947547912,1775929322.476343,1775929421.736864,True
dyn_vehicles1_to_vehicles2_E32_K6_ep80_s3,vehicles1_to_vehicles2,vehicles1,vehicles2,vehicles1->vehicles2,target_dynamic,pure_dynamic,80,3,32,6,0,0.0,98.76,1.646,0.7880000019073486,0.8139999923706055,1775929424.7089946,1775929523.4691837,True
hyb_vehicles1_to_vehicles2_E32_K6_F1_ep80_s1,vehicles1_to_vehicles2,vehicles1,vehicles2,vehicles1->vehicles2,hybrid_transfer,hybrid,80,1,32,6,1,0.16666666666666666,102.109,1.702,0.8179999971389771,0.784,1775933484.320704,1775933586.4300077,True
hyb_vehicles1_to_vehicles2_E32_K6_F1_ep80_s3,vehicles1_to_vehicles2,vehicles1,vehicles2,vehicles1->vehicles2,hybrid_transfer,hybrid,80,3,32,6,1,0.16666666666666666,102.298,1.705,0.8480000014305115,0.8480000014305115,1775933589.3340485,1775933691.6316135,True
hyb_vehicles1_to_vehicles2_E32_K6_F2_ep80_s1,vehicles1_to_vehicles2,vehicles1,vehicles2,vehicles1->vehicles2,hybrid_transfer,hybrid,80,1,32,6,2,0.3333333333333333,103.326,1.722,0.8280000014305114,0.7559999976158142,1775933694.5156608,1775933797.8414552,True
hyb_vehicles1_to_vehicles2_E32_K6_F2_ep80_s3,vehicles1_to_vehicles2,vehicles1,vehicles2,vehicles1->vehicles2,hybrid_transfer,hybrid,80,3,32,6,2,0.3333333333333333,102.966,1.716,0.8260000038146973,0.8139999971389771,1775933800.8535101,1775933903.8194723,True
hyb_vehicles1_to_vehicles2_E32_K6_F4_ep80_s1,vehicles1_to_vehicles2,vehicles1,vehicles2,vehicles1->vehicles2,hybrid_transfer,hybrid,80,1,32,6,4,0.6666666666666666,102.59,1.71,0.8379999947547913,0.7079999961853027,1775933906.7555306,1775934009.3454561,True
hyb_vehicles1_to_vehicles2_E32_K6_F4_ep80_s3,vehicles1_to_vehicles2,vehicles1,vehicles2,vehicles1->vehicles2,hybrid_transfer,hybrid,80,3,32,6,4,0.6666666666666666,100.28,1.671,0.8459999966621399,0.8399999923706055,1775934012.340021,1775934112.6200168,True
fix_vehicles1_to_vehicles2_E32_K6_F6_ep80_s1,vehicles1_to_vehicles2,vehicles1,vehicles2,vehicles1->vehicles2,hybrid_transfer,pure_fixed,80,1,32,6,6,1.0,102.16,1.703,0.8039999971389771,0.7599999933242798,1775930574.8851166,1775930677.0448315,True
fix_vehicles1_to_vehicles2_E32_K6_F6_ep80_s3,vehicles1_to_vehicles2,vehicles1,vehicles2,vehicles1->vehicles2,hybrid_transfer,pure_fixed,80,3,32,6,6,1.0,103.097,1.718,0.8319999995231628,0.8139999995231628,1775930679.9650939,1775930783.0618246,True
dyn_vehicles1_to_vehicles2_E32_K8_ep80_s1,vehicles1_to_vehicles2,vehicles1,vehicles2,vehicles1->vehicles2,target_dynamic,pure_dynamic,80,1,32,8,0,0.0,99.368,1.656,0.8319999995231628,0.7819999976158142,1775929526.421305,1775929625.7892647,True
dyn_vehicles1_to_vehicles2_E32_K8_ep80_s3,vehicles1_to_vehicles2,vehicles1,vehicles2,vehicles1->vehicles2,target_dynamic,pure_dynamic,80,3,32,8,0,0.0,99.464,1.658,0.8320000009536743,0.8059999947547912,1775929628.6453753,1775929728.1091292,True
hyb_vehicles1_to_vehicles2_E32_K8_F1_ep80_s1,vehicles1_to_vehicles2,vehicles1,vehicles2,vehicles1->vehicles2,hybrid_transfer,hybrid,80,1,32,8,1,0.125,101.094,1.685,0.7999999971389771,0.8119999995231628,1775934115.538621,1775934216.6326697,True
hyb_vehicles1_to_vehicles2_E32_K8_F1_ep80_s3,vehicles1_to_vehicles2,vehicles1,vehicles2,vehicles1->vehicles2,hybrid_transfer,hybrid,80,3,32,8,1,0.125,101.786,1.696,0.8399999923706055,0.8460000014305115,1775934219.548736,1775934321.3350925,True
hyb_vehicles1_to_vehicles2_E32_K8_F2_ep80_s1,vehicles1_to_vehicles2,vehicles1,vehicles2,vehicles1->vehicles2,hybrid_transfer,hybrid,80,1,32,8,2,0.25,101.858,1.698,0.8539999966621399,0.8319999923706055,1775934324.255161,1775934426.1135802,True
hyb_vehicles1_to_vehicles2_E32_K8_F2_ep80_s3,vehicles1_to_vehicles2,vehicles1,vehicles2,vehicles1->vehicles2,hybrid_transfer,hybrid,80,3,32,8,2,0.25,98.326,1.639,0.8319999923706055,0.8179999947547912,1775934429.02565,1775934527.3520327,True
hyb_vehicles1_to_vehicles2_E32_K8_F4_ep80_s1,vehicles1_to_vehicles2,vehicles1,vehicles2,vehicles1->vehicles2,hybrid_transfer,hybrid,80,1,32,8,4,0.5,102.735,1.712,0.8280000014305114,0.8280000038146973,1775934530.348106,1775934633.0826359,True
hyb_vehicles1_to_vehicles2_E32_K8_F4_ep80_s3,vehicles1_to_vehicles2,vehicles1,vehicles2,vehicles1->vehicles2,hybrid_transfer,hybrid,80,3,32,8,4,0.5,103.863,1.731,0.8259999971389771,0.8339999990463257,1775934636.0467093,1775934739.9099731,True
hyb_vehicles1_to_vehicles2_E32_K8_F6_ep80_s1,vehicles1_to_vehicles2,vehicles1,vehicles2,vehicles1->vehicles2,hybrid_transfer,hybrid,80,1,32,8,6,0.75,101.311,1.689,0.8519999923706054,0.782,1775934742.9503157,1775934844.2610393,True
hyb_vehicles1_to_vehicles2_E32_K8_F6_ep80_s3,vehicles1_to_vehicles2,vehicles1,vehicles2,vehicles1->vehicles2,hybrid_transfer,hybrid,80,3,32,8,6,0.75,103.122,1.719,0.8340000014305115,0.8240000014305114,1775934847.2253342,1775934950.3470109,True
fix_vehicles1_to_vehicles2_E32_K8_F8_ep80_s1,vehicles1_to_vehicles2,vehicles1,vehicles2,vehicles1->vehicles2,hybrid_transfer,pure_fixed,80,1,32,8,8,1.0,102.312,1.705,0.8020000019073487,0.8439999923706055,1775930786.0540633,1775930888.3658006,True
fix_vehicles1_to_vehicles2_E32_K8_F8_ep80_s3,vehicles1_to_vehicles2,vehicles1,vehicles2,vehicles1->vehicles2,hybrid_transfer,pure_fixed,80,3,32,8,8,1.0,102.475,1.708,0.8299999923706055,0.8139999923706055,1775930891.3500147,1775930993.8250115,True
dyn_vehicles1_to_vehicles2_E8_K4_ep100_s1,vehicles1_to_vehicles2,vehicles1,vehicles2,vehicles1->vehicles2,target_dynamic,pure_dynamic,100,1,8,4,0,0.0,86.038,1.434,0.8000000042915344,0.8199999971389771,1775896730.5906854,1775896816.6287446,True
hyb_vehicles1_to_vehicles2_E8_K4_F1_ep100_s1,vehicles1_to_vehicles2,vehicles1,vehicles2,vehicles1->vehicles2,hybrid_transfer,hybrid,100,1,8,4,1,0.25,87.324,1.455,0.8260000019073487,0.8060000019073487,1775899926.9679017,1775900014.292131,True
hyb_vehicles1_to_vehicles2_E8_K4_F2_ep100_s1,vehicles1_to_vehicles2,vehicles1,vehicles2,vehicles1->vehicles2,hybrid_transfer,hybrid,100,1,8,4,2,0.5,86.7,1.445,0.8279999923706055,0.8179999923706055,1775900017.1962652,1775900103.8961074,True
hyb_vehicles1_to_vehicles2_E8_K4_F3_ep100_s1,vehicles1_to_vehicles2,vehicles1,vehicles2,vehicles1->vehicles2,hybrid_transfer,hybrid,100,1,8,4,3,0.75,85.856,1.431,0.8560000038146973,0.7859999976158142,1775900106.8002307,1775900192.6557415,True
fix_vehicles1_to_vehicles2_E8_K4_F4_ep100_s1,vehicles1_to_vehicles2,vehicles1,vehicles2,vehicles1->vehicles2,hybrid_transfer,pure_fixed,100,1,8,4,4,1.0,85.502,1.425,0.8359999923706055,0.8659999942779542,1775897504.9998097,1775897590.5015802,True
dyn_vehicles1_to_vehicles2_E16_K4_ep100_s1,vehicles1_to_vehicles2,vehicles1,vehicles2,vehicles1->vehicles2,target_dynamic,pure_dynamic,100,1,16,4,0,0.0,98.776,1.646,0.8220000042915344,0.8379999923706055,1775896041.330491,1775896140.1060004,True
hyb_vehicles1_to_vehicles2_E16_K4_F1_ep100_s1,vehicles1_to_vehicles2,vehicles1,vehicles2,vehicles1->vehicles2,hybrid_transfer,hybrid,100,1,16,4,1,0.25,100.41,1.674,0.8419999923706055,0.77,1775897593.4976423,1775897693.9077058,True
hyb_vehicles1_to_vehicles2_E16_K4_F2_ep100_s1,vehicles1_to_vehicles2,vehicles1,vehicles2,vehicles1->vehicles2,hybrid_transfer,hybrid,100,1,16,4,2,0.5,100.886,1.681,0.8099999995231628,0.8300000014305114,1775897696.843766,1775897797.7298255,True
hyb_vehicles1_to_vehicles2_E16_K4_F3_ep100_s1,vehicles1_to_vehicles2,vehicles1,vehicles2,vehicles1->vehicles2,hybrid_transfer,hybrid,100,1,16,4,3,0.75,100.0,1.667,0.8339999990463257,0.8020000038146973,1775897800.7298865,1775897900.7294536,True
fix_vehicles1_to_vehicles2_E16_K4_F4_ep100_s1,vehicles1_to_vehicles2,vehicles1,vehicles2,vehicles1->vehicles2,hybrid_transfer,pure_fixed,100,1,16,4,4,1.0,97.65,1.628,0.8039999947547912,0.8019999995231628,1775896819.5648139,1775896917.215083,True
dyn_vehicles1_to_vehicles2_E16_K6_ep100_s1,vehicles1_to_vehicles2,vehicles1,vehicles2,vehicles1->vehicles2,target_dynamic,pure_dynamic,100,1,16,6,0,0.0,98.435,1.641,0.8420000038146973,0.7960000019073487,1775896143.0461004,1775896241.481319,True
hyb_vehicles1_to_vehicles2_E16_K6_F1_ep100_s1,vehicles1_to_vehicles2,vehicles1,vehicles2,vehicles1->vehicles2,hybrid_transfer,hybrid,100,1,16,6,1,0.16666666666666666,101.304,1.688,0.8379999923706055,0.8379999923706055,1775897903.6574469,1775898004.9613957,True
hyb_vehicles1_to_vehicles2_E16_K6_F2_ep100_s1,vehicles1_to_vehicles2,vehicles1,vehicles2,vehicles1->vehicles2,hybrid_transfer,hybrid,100,1,16,6,2,0.3333333333333333,100.486,1.675,0.8199999995231628,0.8679999990463256,1775898007.9813995,1775898108.4674122,True
hyb_vehicles1_to_vehicles2_E16_K6_F4_ep100_s1,vehicles1_to_vehicles2,vehicles1,vehicles2,vehicles1->vehicles2,hybrid_transfer,hybrid,100,1,16,6,4,0.6666666666666666,102.387,1.706,0.8559999990463257,0.8420000038146973,1775898111.4939106,1775898213.881347,True
fix_vehicles1_to_vehicles2_E16_K6_F6_ep100_s1,vehicles1_to_vehicles2,vehicles1,vehicles2,vehicles1->vehicles2,hybrid_transfer,pure_fixed,100,1,16,6,6,1.0,98.57,1.643,0.8140000019073487,0.7939999995231628,1775896920.1711507,1775897018.7413802,True
dyn_vehicles1_to_vehicles2_E16_K8_ep100_s1,vehicles1_to_vehicles2,vehicles1,vehicles2,vehicles1->vehicles2,target_dynamic,pure_dynamic,100,1,16,8,0,0.0,98.871,1.648,0.8380000038146973,0.8179999923706055,1775896244.3894105,1775896343.2604134,True
hyb_vehicles1_to_vehicles2_E16_K8_F1_ep100_s1,vehicles1_to_vehicles2,vehicles1,vehicles2,vehicles1->vehicles2,hybrid_transfer,hybrid,100,1,16,8,1,0.125,100.809,1.68,0.8359999990463257,0.8019999995231628,1775898217.001367,1775898317.8101184,True
hyb_vehicles1_to_vehicles2_E16_K8_F2_ep100_s1,vehicles1_to_vehicles2,vehicles1,vehicles2,vehicles1->vehicles2,hybrid_transfer,hybrid,100,1,16,8,2,0.25,102.849,1.714,0.8520000038146973,0.7700000042915345,1775898320.7021427,1775898423.5510883,True
hyb_vehicles1_to_vehicles2_E16_K8_F4_ep100_s1,vehicles1_to_vehicles2,vehicles1,vehicles2,vehicles1->vehicles2,hybrid_transfer,hybrid,100,1,16,8,4,0.5,100.125,1.669,0.8559999966621399,0.8360000038146973,1775898426.4911177,1775898526.6161804,True
hyb_vehicles1_to_vehicles2_E16_K8_F6_ep100_s1,vehicles1_to_vehicles2,vehicles1,vehicles2,vehicles1->vehicles2,hybrid_transfer,hybrid,100,1,16,8,6,0.75,101.401,1.69,0.8239999947547912,0.7879999995231628,1775898529.4962127,1775898630.8974054,True
fix_vehicles1_to_vehicles2_E16_K8_F8_ep100_s1,vehicles1_to_vehicles2,vehicles1,vehicles2,vehicles1->vehicles2,hybrid_transfer,pure_fixed,100,1,16,8,8,1.0,99.674,1.661,0.8599999966621399,0.7720000019073486,1775897021.7574477,1775897121.4316514,True
dyn_vehicles1_to_vehicles2_E32_K4_ep100_s1,vehicles1_to_vehicles2,vehicles1,vehicles2,vehicles1->vehicles2,target_dynamic,pure_dynamic,100,1,32,4,0,0.0,124.032,2.067,0.847999997138977,0.8379999995231628,1775896346.2004998,1775896470.232005,True
hyb_vehicles1_to_vehicles2_E32_K4_F1_ep100_s1,vehicles1_to_vehicles2,vehicles1,vehicles2,vehicles1->vehicles2,hybrid_transfer,hybrid,100,1,32,4,1,0.25,126.662,2.111,0.8140000019073487,0.8360000019073486,1775898633.785441,1775898760.4470625,True
hyb_vehicles1_to_vehicles2_E32_K4_F2_ep100_s1,vehicles1_to_vehicles2,vehicles1,vehicles2,vehicles1->vehicles2,hybrid_transfer,hybrid,100,1,32,4,2,0.5,129.158,2.153,0.8260000019073487,0.8419999947547913,1775898763.3831015,1775898892.5408738,True
hyb_vehicles1_to_vehicles2_E32_K4_F3_ep100_s1,vehicles1_to_vehicles2,vehicles1,vehicles2,vehicles1->vehicles2,hybrid_transfer,hybrid,100,1,32,4,3,0.75,122.218,2.037,0.8199999995231628,0.8299999923706055,1775898895.4409146,1775899017.6586773,True
fix_vehicles1_to_vehicles2_E32_K4_F4_ep100_s1,vehicles1_to_vehicles2,vehicles1,vehicles2,vehicles1->vehicles2,hybrid_transfer,pure_fixed,100,1,32,4,4,1.0,124.687,2.078,0.8279999923706055,0.8460000038146973,1775897124.3117144,1775897248.998413,True
dyn_vehicles1_to_vehicles2_E32_K6_ep100_s1,vehicles1_to_vehicles2,vehicles1,vehicles2,vehicles1->vehicles2,target_dynamic,pure_dynamic,100,1,32,6,0,0.0,126.711,2.112,0.8179999971389771,0.7959999995231628,1775896473.2200863,1775896599.9314294,True
hyb_vehicles1_to_vehicles2_E32_K6_F1_ep100_s1,vehicles1_to_vehicles2,vehicles1,vehicles2,vehicles1->vehicles2,hybrid_transfer,hybrid,100,1,32,6,1,0.16666666666666666,126.362,2.106,0.8119999923706055,0.8219999995231628,1775899020.6027205,1775899146.9646113,True
hyb_vehicles1_to_vehicles2_E32_K6_F2_ep100_s1,vehicles1_to_vehicles2,vehicles1,vehicles2,vehicles1->vehicles2,hybrid_transfer,hybrid,100,1,32,6,2,0.3333333333333333,128.194,2.137,0.8540000014305115,0.8379999923706055,1775899149.8686552,1775899278.0626283,True
hyb_vehicles1_to_vehicles2_E32_K6_F4_ep100_s1,vehicles1_to_vehicles2,vehicles1,vehicles2,vehicles1->vehicles2,hybrid_transfer,hybrid,100,1,32,6,4,0.6666666666666666,126.366,2.106,0.8180000042915344,0.8480000038146973,1775899280.9426732,1775899407.3086603,True
fix_vehicles1_to_vehicles2_E32_K6_F6_ep100_s1,vehicles1_to_vehicles2,vehicles1,vehicles2,vehicles1->vehicles2,hybrid_transfer,pure_fixed,100,1,32,6,6,1.0,123.127,2.052,0.8360000019073486,0.8360000019073486,1775897251.9584765,1775897375.0850916,True
dyn_vehicles1_to_vehicles2_E32_K8_ep100_s1,vehicles1_to_vehicles2,vehicles1,vehicles2,vehicles1->vehicles2,target_dynamic,pure_dynamic,100,1,32,8,0,0.0,124.627,2.077,0.8139999947547912,0.8219999947547912,1775896602.9835076,1775896727.6106129,True
hyb_vehicles1_to_vehicles2_E32_K8_F1_ep100_s1,vehicles1_to_vehicles2,vehicles1,vehicles2,vehicles1->vehicles2,hybrid_transfer,hybrid,100,1,32,8,1,0.125,126.51,2.109,0.8219999971389771,0.8219999971389771,1775899410.188706,1775899536.6987276,True
hyb_vehicles1_to_vehicles2_E32_K8_F2_ep100_s1,vehicles1_to_vehicles2,vehicles1,vehicles2,vehicles1->vehicles2,hybrid_transfer,hybrid,100,1,32,8,2,0.25,128.11,2.135,0.8599999966621399,0.8579999966621399,1775899539.5827742,1775899667.692847,True
hyb_vehicles1_to_vehicles2_E32_K8_F4_ep100_s1,vehicles1_to_vehicles2,vehicles1,vehicles2,vehicles1->vehicles2,hybrid_transfer,hybrid,100,1,32,8,4,0.5,126.33,2.106,0.8559999990463257,0.8359999947547913,1775899670.6088946,1775899796.9389584,True
hyb_vehicles1_to_vehicles2_E32_K8_F6_ep100_s1,vehicles1_to_vehicles2,vehicles1,vehicles2,vehicles1->vehicles2,hybrid_transfer,hybrid,100,1,32,8,6,0.75,124.209,2.07,0.8219999971389771,0.8240000019073487,1775899799.8590064,1775899924.0677545,True
fix_vehicles1_to_vehicles2_E32_K8_F8_ep100_s1,vehicles1_to_vehicles2,vehicles1,vehicles2,vehicles1->vehicles2,hybrid_transfer,pure_fixed,100,1,32,8,8,1.0,124.067,2.068,0.8260000042915344,0.8179999923706055,1775897378.001153,1775897502.0677488,True
dyn_vehicles2_to_vehicles1_E8_K4_ep50_s1,vehicles2_to_vehicles1,vehicles2,vehicles1,vehicles2->vehicles1,target_dynamic,pure_dynamic,50,1,8,4,0,0.0,42.265,0.704,0.7339999933242798,0.7179999933242798,1775885328.2794237,1775885370.5439594,True
hyb_vehicles2_to_vehicles1_E8_K4_F1_ep50_s1,vehicles2_to_vehicles1,vehicles2,vehicles1,vehicles2->vehicles1,hybrid_transfer,hybrid,50,1,8,4,1,0.25,43.249,0.721,0.7119999980926514,0.7159999957084656,1775886960.4042144,1775887003.6532638,True
hyb_vehicles2_to_vehicles1_E8_K4_F2_ep50_s1,vehicles2_to_vehicles1,vehicles2,vehicles1,vehicles2->vehicles1,hybrid_transfer,hybrid,50,1,8,4,2,0.5,43.937,0.732,0.7099999980926514,0.7359999976158142,1775887006.5333333,1775887050.4703872,True
hyb_vehicles2_to_vehicles1_E8_K4_F3_ep50_s1,vehicles2_to_vehicles1,vehicles2,vehicles1,vehicles2->vehicles1,hybrid_transfer,hybrid,50,1,8,4,3,0.75,42.785,0.713,0.7260000047683716,0.7379999933242798,1775887053.3624563,1775887096.1474721,True
fix_vehicles2_to_vehicles1_E8_K4_F4_ep50_s1,vehicles2_to_vehicles1,vehicles2,vehicles1,vehicles2->vehicles1,hybrid_transfer,pure_fixed,50,1,8,4,4,1.0,42.254,0.704,0.7279999957084656,0.7279999957084656,1775885724.9690545,1775885767.2234323,True
dyn_vehicles2_to_vehicles1_E16_K4_ep50_s1,vehicles2_to_vehicles1,vehicles2,vehicles1,vehicles2->vehicles1,target_dynamic,pure_dynamic,50,1,16,4,0,0.0,47.365,0.789,0.6899999961853027,0.714,1775884977.655203,1775885025.0197442,True
hyb_vehicles2_to_vehicles1_E16_K4_F1_ep50_s1,vehicles2_to_vehicles1,vehicles2,vehicles1,vehicles2->vehicles1,hybrid_transfer,hybrid,50,1,16,4,1,0.25,50.055,0.834,0.7140000052452088,0.6700000028610229,1775885770.0915895,1775885820.1462457,True
hyb_vehicles2_to_vehicles1_E16_K4_F2_ep50_s1,vehicles2_to_vehicles1,vehicles2,vehicles1,vehicles2->vehicles1,hybrid_transfer,hybrid,50,1,16,4,2,0.5,49.886,0.831,0.7399999933242798,0.6359999985694885,1775885822.970391,1775885872.856882,True
hyb_vehicles2_to_vehicles1_E16_K4_F3_ep50_s1,vehicles2_to_vehicles1,vehicles2,vehicles1,vehicles2->vehicles1,hybrid_transfer,hybrid,50,1,16,4,3,0.75,49.362,0.823,0.6500000052452087,0.675999993801117,1775885875.6930196,1775885925.055346,True
fix_vehicles2_to_vehicles1_E16_K4_F4_ep50_s1,vehicles2_to_vehicles1,vehicles2,vehicles1,vehicles2->vehicles1,hybrid_transfer,pure_fixed,50,1,16,4,4,1.0,49.873,0.831,0.7099999933242798,0.7519999976158143,1775885373.5479975,1775885423.4206355,True
dyn_vehicles2_to_vehicles1_E16_K6_ep50_s1,vehicles2_to_vehicles1,vehicles2,vehicles1,vehicles2->vehicles1,target_dynamic,pure_dynamic,50,1,16,6,0,0.0,48.973,0.816,0.7619999928474426,0.7619999928474426,1775885027.9037776,1775885076.8763487,True
hyb_vehicles2_to_vehicles1_E16_K6_F1_ep50_s1,vehicles2_to_vehicles1,vehicles2,vehicles1,vehicles2->vehicles1,hybrid_transfer,hybrid,50,1,16,6,1,0.16666666666666666,49.034,0.817,0.6739999985694886,0.7119999957084656,1775885927.9674795,1775885977.0016668,True
hyb_vehicles2_to_vehicles1_E16_K6_F2_ep50_s1,vehicles2_to_vehicles1,vehicles2,vehicles1,vehicles2->vehicles1,hybrid_transfer,hybrid,50,1,16,6,2,0.3333333333333333,50.89,0.848,0.7119999976158142,0.6619999942779541,1775885979.8977926,1775886030.7879455,True
hyb_vehicles2_to_vehicles1_E16_K6_F4_ep50_s1,vehicles2_to_vehicles1,vehicles2,vehicles1,vehicles2->vehicles1,hybrid_transfer,hybrid,50,1,16,6,4,0.6666666666666666,50.134,0.836,0.7120000047683716,0.7299999976158142,1775886033.7400672,1775886083.8740828,True
fix_vehicles2_to_vehicles1_E16_K6_F6_ep50_s1,vehicles2_to_vehicles1,vehicles2,vehicles1,vehicles2->vehicles1,hybrid_transfer,pure_fixed,50,1,16,6,6,1.0,49.569,0.826,0.7159999957084656,0.6779999980926513,1775885426.2446718,1775885475.8133113,True
dyn_vehicles2_to_vehicles1_E16_K8_ep50_s1,vehicles2_to_vehicles1,vehicles2,vehicles1,vehicles2->vehicles1,target_dynamic,pure_dynamic,50,1,16,8,0,0.0,50.293,0.838,0.7079999933242798,0.7159999980926514,1775885079.7323823,1775885130.0249803,True
hyb_vehicles2_to_vehicles1_E16_K8_F1_ep50_s1,vehicles2_to_vehicles1,vehicles2,vehicles1,vehicles2->vehicles1,hybrid_transfer,hybrid,50,1,16,8,1,0.125,50.258,0.838,0.7099999957084656,0.6300000033378601,1775886086.814198,1775886137.072124,True
hyb_vehicles2_to_vehicles1_E16_K8_F2_ep50_s1,vehicles2_to_vehicles1,vehicles2,vehicles1,vehicles2->vehicles1,hybrid_transfer,hybrid,50,1,16,8,2,0.25,50.418,0.84,0.6819999980926513,0.6999999980926513,1775886139.9442315,1775886190.362078,True
hyb_vehicles2_to_vehicles1_E16_K8_F4_ep50_s1,vehicles2_to_vehicles1,vehicles2,vehicles1,vehicles2->vehicles1,hybrid_transfer,hybrid,50,1,16,8,4,0.5,50.718,0.845,0.7000000028610229,0.7080000052452088,1775886193.1981795,1775886243.915959,True
hyb_vehicles2_to_vehicles1_E16_K8_F6_ep50_s1,vehicles2_to_vehicles1,vehicles2,vehicles1,vehicles2->vehicles1,hybrid_transfer,hybrid,50,1,16,8,6,0.75,50.378,0.84,0.6880000052452088,0.7099999933242798,1775886246.7520564,1775886297.1297543,True
fix_vehicles2_to_vehicles1_E16_K8_F8_ep50_s1,vehicles2_to_vehicles1,vehicles2,vehicles1,vehicles2->vehicles1,hybrid_transfer,pure_fixed,50,1,16,8,8,1.0,50.511,0.842,0.7120000047683716,0.7139999933242798,1775885478.7493496,1775885529.2601883,True
dyn_vehicles2_to_vehicles1_E32_K4_ep50_s1,vehicles2_to_vehicles1,vehicles2,vehicles1,vehicles2->vehicles1,target_dynamic,pure_dynamic,50,1,32,4,0,0.0,61.545,1.026,0.7180000047683716,0.6519999957084656,1775885132.9290152,1775885194.4737606,True
hyb_vehicles2_to_vehicles1_E32_K4_F1_ep50_s1,vehicles2_to_vehicles1,vehicles2,vehicles1,vehicles2->vehicles1,hybrid_transfer,hybrid,50,1,32,4,1,0.25,63.486,1.058,0.7039999980926513,0.642000002861023,1775886300.0058494,1775886363.491901,True
hyb_vehicles2_to_vehicles1_E32_K4_F2_ep50_s1,vehicles2_to_vehicles1,vehicles2,vehicles1,vehicles2->vehicles1,hybrid_transfer,hybrid,50,1,32,4,2,0.5,63.498,1.058,0.7,0.7,1775886366.371992,1775886429.8699577,True
hyb_vehicles2_to_vehicles1_E32_K4_F3_ep50_s1,vehicles2_to_vehicles1,vehicles2,vehicles1,vehicles2->vehicles1,hybrid_transfer,hybrid,50,1,32,4,3,0.75,62.618,1.044,0.7180000047683716,0.6719999957084656,1775886432.7980464,1775886495.4159102,True
fix_vehicles2_to_vehicles1_E32_K4_F4_ep50_s1,vehicles2_to_vehicles1,vehicles2,vehicles1,vehicles2->vehicles1,hybrid_transfer,pure_fixed,50,1,32,4,4,1.0,62.764,1.046,0.7120000042915344,0.5760000057220459,1775885532.2804139,1775885595.0448925,True
dyn_vehicles2_to_vehicles1_E32_K6_ep50_s1,vehicles2_to_vehicles1,vehicles2,vehicles1,vehicles2->vehicles1,target_dynamic,pure_dynamic,50,1,32,6,0,0.0,61.277,1.021,0.7160000047683716,0.6639999957084656,1775885197.377796,1775885258.6545515,True
hyb_vehicles2_to_vehicles1_E32_K6_F1_ep50_s1,vehicles2_to_vehicles1,vehicles2,vehicles1,vehicles2->vehicles1,hybrid_transfer,hybrid,50,1,32,6,1,0.16666666666666666,62.698,1.045,0.7459999957084655,0.6460000004768371,1775886498.2359927,1775886560.933794,True
hyb_vehicles2_to_vehicles1_E32_K6_F2_ep50_s1,vehicles2_to_vehicles1,vehicles2,vehicles1,vehicles2->vehicles1,hybrid_transfer,hybrid,50,1,32,6,2,0.3333333333333333,64.962,1.083,0.7159999976158142,0.6319999957084655,1775886563.7898746,1775886628.7516804,True
hyb_vehicles2_to_vehicles1_E32_K6_F4_ep50_s1,vehicles2_to_vehicles1,vehicles2,vehicles1,vehicles2->vehicles1,hybrid_transfer,hybrid,50,1,32,6,4,0.6666666666666666,61.562,1.026,0.7220000047683716,0.6359999938011169,1775886631.5997584,1775886693.1614199,True
fix_vehicles2_to_vehicles1_E32_K6_F6_ep50_s1,vehicles2_to_vehicles1,vehicles2,vehicles1,vehicles2->vehicles1,hybrid_transfer,pure_fixed,50,1,32,6,6,1.0,60.4,1.007,0.7040000047683715,0.6099999985694885,1775885597.9490907,1775885658.3490412,True
dyn_vehicles2_to_vehicles1_E32_K8_ep50_s1,vehicles2_to_vehicles1,vehicles2,vehicles1,vehicles2->vehicles1,target_dynamic,pure_dynamic,50,1,32,8,0,0.0,63.833,1.064,0.7260000047683716,0.6700000047683716,1775885261.5385873,1775885325.371387,True
hyb_vehicles2_to_vehicles1_E32_K8_F1_ep50_s1,vehicles2_to_vehicles1,vehicles2,vehicles1,vehicles2->vehicles1,hybrid_transfer,hybrid,50,1,32,8,1,0.125,63.606,1.06,0.7440000047683716,0.6840000047683715,1775886696.057497,1775886759.663169,True
hyb_vehicles2_to_vehicles1_E32_K8_F2_ep50_s1,vehicles2_to_vehicles1,vehicles2,vehicles1,vehicles2->vehicles1,hybrid_transfer,hybrid,50,1,32,8,2,0.25,62.53,1.042,0.6880000009536743,0.6800000023841858,1775886762.5232432,1775886825.0528479,True
hyb_vehicles2_to_vehicles1_E32_K8_F4_ep50_s1,vehicles2_to_vehicles1,vehicles2,vehicles1,vehicles2->vehicles1,hybrid_transfer,hybrid,50,1,32,8,4,0.5,63.166,1.053,0.6960000052452088,0.6859999976158142,1775886827.8809195,1775886891.046506,True
hyb_vehicles2_to_vehicles1_E32_K8_F6_ep50_s1,vehicles2_to_vehicles1,vehicles2,vehicles1,vehicles2->vehicles1,hybrid_transfer,hybrid,50,1,32,8,6,0.75,63.562,1.059,0.7440000023841858,0.6499999957084656,1775886893.982579,1775886957.5441444,True
fix_vehicles2_to_vehicles1_E32_K8_F8_ep50_s1,vehicles2_to_vehicles1,vehicles2,vehicles1,vehicles2->vehicles1,hybrid_transfer,pure_fixed,50,1,32,8,8,1.0,60.784,1.013,0.7279999928474427,0.6300000052452087,1775885661.3132272,1775885722.0968883,True
dyn_vehicles2_to_vehicles1_E8_K4_ep60_s1,vehicles2_to_vehicles1,vehicles2,vehicles1,vehicles2->vehicles1,target_dynamic,pure_dynamic,60,1,8,4,0,0.0,51.706,0.862,0.7179999933242798,0.6920000052452088,1775887990.7687385,1775888042.474866,True
hyb_vehicles2_to_vehicles1_E8_K4_F1_ep60_s1,vehicles2_to_vehicles1,vehicles2,vehicles1,vehicles2->vehicles1,hybrid_transfer,hybrid,60,1,8,4,1,0.25,50.81,0.847,0.722,0.714,1775889916.290368,1775889967.1007576,True
hyb_vehicles2_to_vehicles1_E8_K4_F2_ep60_s1,vehicles2_to_vehicles1,vehicles2,vehicles1,vehicles2->vehicles1,hybrid_transfer,hybrid,60,1,8,4,2,0.5,51.735,0.862,0.7259999957084656,0.6899999980926513,1775889969.9366748,1775890021.6712818,True
hyb_vehicles2_to_vehicles1_E8_K4_F3_ep60_s1,vehicles2_to_vehicles1,vehicles2,vehicles1,vehicles2->vehicles1,hybrid_transfer,hybrid,60,1,8,4,3,0.75,50.891,0.848,0.7460000047683716,0.6920000052452088,1775890024.4472132,1775890075.338061,True
fix_vehicles2_to_vehicles1_E8_K4_F4_ep60_s1,vehicles2_to_vehicles1,vehicles2,vehicles1,vehicles2->vehicles1,hybrid_transfer,pure_fixed,60,1,8,4,4,1.0,50.194,0.837,0.7380000047683716,0.7100000023841858,1775888457.5099711,1775888507.703628,True
dyn_vehicles2_to_vehicles1_E16_K4_ep60_s1,vehicles2_to_vehicles1,vehicles2,vehicles1,vehicles2->vehicles1,target_dynamic,pure_dynamic,60,1,16,4,0,0.0,58.591,0.977,0.7219999957084656,0.6779999985694886,1775887571.4198983,1775887630.0113091,True
hyb_vehicles2_to_vehicles1_E16_K4_F1_ep60_s1,vehicles2_to_vehicles1,vehicles2,vehicles1,vehicles2->vehicles1,hybrid_transfer,hybrid,60,1,16,4,1,0.25,60.118,1.002,0.7199999952316284,0.6099999942779541,1775888510.455718,1775888570.5736675,True
hyb_vehicles2_to_vehicles1_E16_K4_F2_ep60_s1,vehicles2_to_vehicles1,vehicles2,vehicles1,vehicles2->vehicles1,hybrid_transfer,hybrid,60,1,16,4,2,0.5,60.174,1.003,0.7060000004768372,0.7220000004768372,1775888573.3817577,1775888633.555675,True
hyb_vehicles2_to_vehicles1_E16_K4_F3_ep60_s1,vehicles2_to_vehicles1,vehicles2,vehicles1,vehicles2->vehicles1,hybrid_transfer,hybrid,60,1,16,4,3,0.75,58.826,0.98,0.7120000004768372,0.6339999985694885,1775888636.339763,1775888695.165608,True
fix_vehicles2_to_vehicles1_E16_K4_F4_ep60_s1,vehicles2_to_vehicles1,vehicles2,vehicles1,vehicles2->vehicles1,hybrid_transfer,pure_fixed,60,1,16,4,4,1.0,58.502,0.975,0.7019999980926513,0.6559999985694885,1775888045.3829834,1775888103.8853052,True
dyn_vehicles2_to_vehicles1_E16_K6_ep60_s1,vehicles2_to_vehicles1,vehicles2,vehicles1,vehicles2->vehicles1,target_dynamic,pure_dynamic,60,1,16,6,0,0.0,58.779,0.98,0.726,0.669999993801117,1775887632.8554695,1775887691.6346872,True
hyb_vehicles2_to_vehicles1_E16_K6_F1_ep60_s1,vehicles2_to_vehicles1,vehicles2,vehicles1,vehicles2->vehicles1,hybrid_transfer,hybrid,60,1,16,6,1,0.16666666666666666,61.31,1.022,0.7140000047683716,0.6639999961853027,1775888697.9816957,1775888759.2915916,True
hyb_vehicles2_to_vehicles1_E16_K6_F2_ep60_s1,vehicles2_to_vehicles1,vehicles2,vehicles1,vehicles2->vehicles1,hybrid_transfer,hybrid,60,1,16,6,2,0.3333333333333333,60.378,1.006,0.6919999933242797,0.7380000047683716,1775888762.0756772,1775888822.4535203,True
hyb_vehicles2_to_vehicles1_E16_K6_F4_ep60_s1,vehicles2_to_vehicles1,vehicles2,vehicles1,vehicles2->vehicles1,hybrid_transfer,hybrid,60,1,16,6,4,0.6666666666666666,59.034,0.984,0.7160000004768372,0.671999993801117,1775888825.2576053,1775888884.2913873,True
fix_vehicles2_to_vehicles1_E16_K6_F6_ep60_s1,vehicles2_to_vehicles1,vehicles2,vehicles1,vehicles2->vehicles1,hybrid_transfer,pure_fixed,60,1,16,6,6,1.0,58.538,0.976,0.7059999980926513,0.6499999961853027,1775888106.6974146,1775888165.2356575,True
dyn_vehicles2_to_vehicles1_E16_K8_ep60_s1,vehicles2_to_vehicles1,vehicles2,vehicles1,vehicles2->vehicles1,target_dynamic,pure_dynamic,60,1,16,8,0,0.0,60.263,1.004,0.7379999952316284,0.677999993801117,1775887694.5668428,1775887754.8299532,True
hyb_vehicles2_to_vehicles1_E16_K8_F1_ep60_s1,vehicles2_to_vehicles1,vehicles2,vehicles1,vehicles2->vehicles1,hybrid_transfer,hybrid,60,1,16,8,1,0.125,61.758,1.029,0.7159999933242798,0.6919999985694886,1775888887.1394727,1775888948.897318,True
hyb_vehicles2_to_vehicles1_E16_K8_F2_ep60_s1,vehicles2_to_vehicles1,vehicles2,vehicles1,vehicles2->vehicles1,hybrid_transfer,hybrid,60,1,16,8,2,0.25,61.018,1.017,0.7080000004768372,0.6500000033378601,1775888951.7014012,1775889012.7192075,True
hyb_vehicles2_to_vehicles1_E16_K8_F4_ep60_s1,vehicles2_to_vehicles1,vehicles2,vehicles1,vehicles2->vehicles1,hybrid_transfer,hybrid,60,1,16,8,4,0.5,58.85,0.981,0.758,0.625999994277954,1775889015.5112898,1775889074.361018,True
hyb_vehicles2_to_vehicles1_E16_K8_F6_ep60_s1,vehicles2_to_vehicles1,vehicles2,vehicles1,vehicles2->vehicles1,hybrid_transfer,hybrid,60,1,16,8,6,0.75,60.434,1.007,0.7500000042915345,0.5879999990463257,1775889077.1891007,1775889137.6228626,True
fix_vehicles2_to_vehicles1_E16_K8_F8_ep60_s1,vehicles2_to_vehicles1,vehicles2,vehicles1,vehicles2->vehicles1,hybrid_transfer,pure_fixed,60,1,16,8,8,1.0,58.974,0.983,0.7200000047683716,0.6439999938011169,1775888168.0437634,1775888227.0179508,True
dyn_vehicles2_to_vehicles1_E32_K4_ep60_s1,vehicles2_to_vehicles1,vehicles2,vehicles1,vehicles2->vehicles1,target_dynamic,pure_dynamic,60,1,32,4,0,0.0,75.028,1.25,0.7199999980926514,0.6780000047683716,1775887757.7500997,1775887832.77774,True
hyb_vehicles2_to_vehicles1_E32_K4_F1_ep60_s1,vehicles2_to_vehicles1,vehicles2,vehicles1,vehicles2->vehicles1,hybrid_transfer,hybrid,60,1,32,4,1,0.25,73.758,1.229,0.7300000047683716,0.7040000004768372,1775889140.4029434,1775889214.1610785,True
hyb_vehicles2_to_vehicles1_E32_K4_F2_ep60_s1,vehicles2_to_vehicles1,vehicles2,vehicles1,vehicles2->vehicles1,hybrid_transfer,hybrid,60,1,32,4,2,0.5,74.59,1.243,0.7360000047683716,0.6799999980926513,1775889216.9771597,1775889291.5673044,True
hyb_vehicles2_to_vehicles1_E32_K4_F3_ep60_s1,vehicles2_to_vehicles1,vehicles2,vehicles1,vehicles2->vehicles1,hybrid_transfer,hybrid,60,1,32,4,3,0.75,74.71,1.245,0.7139999933242798,0.6960000047683715,1775889294.343384,1775889369.0535195,True
fix_vehicles2_to_vehicles1_E32_K4_F4_ep60_s1,vehicles2_to_vehicles1,vehicles2,vehicles1,vehicles2->vehicles1,hybrid_transfer,pure_fixed,60,1,32,4,4,1.0,72.391,1.207,0.7019999957084656,0.6459999942779541,1775888229.814053,1775888302.2046518,True
dyn_vehicles2_to_vehicles1_E32_K6_ep60_s1,vehicles2_to_vehicles1,vehicles2,vehicles1,vehicles2->vehicles1,target_dynamic,pure_dynamic,60,1,32,6,0,0.0,75.055,1.251,0.734,0.6980000047683715,1775887835.6658757,1775887910.7212946,True
hyb_vehicles2_to_vehicles1_E32_K6_F1_ep60_s1,vehicles2_to_vehicles1,vehicles2,vehicles1,vehicles2->vehicles1,hybrid_transfer,hybrid,60,1,32,6,1,0.16666666666666666,74.554,1.243,0.7359999933242798,0.6760000004768372,1775889371.8615994,1775889446.4157195,True
hyb_vehicles2_to_vehicles1_E32_K6_F2_ep60_s1,vehicles2_to_vehicles1,vehicles2,vehicles1,vehicles2->vehicles1,hybrid_transfer,hybrid,60,1,32,6,2,0.3333333333333333,74.942,1.249,0.7379999957084655,0.6619999985694885,1775889449.2437997,1775889524.1859212,True
hyb_vehicles2_to_vehicles1_E32_K6_F4_ep60_s1,vehicles2_to_vehicles1,vehicles2,vehicles1,vehicles2->vehicles1,hybrid_transfer,hybrid,60,1,32,6,4,0.6666666666666666,75.573,1.26,0.73,0.7019999976158142,1775889527.0620027,1775889602.63501,True
fix_vehicles2_to_vehicles1_E32_K6_F6_ep60_s1,vehicles2_to_vehicles1,vehicles2,vehicles1,vehicles2->vehicles1,hybrid_transfer,pure_fixed,60,1,32,6,6,1.0,73.327,1.222,0.7519999995231629,0.6719999985694886,1775888305.0327516,1775888378.3592997,True
dyn_vehicles2_to_vehicles1_E32_K8_ep60_s1,vehicles2_to_vehicles1,vehicles2,vehicles1,vehicles2->vehicles1,target_dynamic,pure_dynamic,60,1,32,8,0,0.0,74.307,1.238,0.7139999957084656,0.6760000004768372,1775887913.6054223,1775887987.9126189,True
hyb_vehicles2_to_vehicles1_E32_K8_F1_ep60_s1,vehicles2_to_vehicles1,vehicles2,vehicles1,vehicles2->vehicles1,hybrid_transfer,hybrid,60,1,32,8,1,0.125,75.199,1.253,0.6839999980926513,0.6559999961853027,1775889605.450796,1775889680.6495776,True
hyb_vehicles2_to_vehicles1_E32_K8_F2_ep60_s1,vehicles2_to_vehicles1,vehicles2,vehicles1,vehicles2->vehicles1,hybrid_transfer,hybrid,60,1,32,8,2,0.25,74.604,1.243,0.6860000028610229,0.6700000052452088,1775889683.477399,1775889758.0811183,True
hyb_vehicles2_to_vehicles1_E32_K8_F4_ep60_s1,vehicles2_to_vehicles1,vehicles2,vehicles1,vehicles2->vehicles1,hybrid_transfer,hybrid,60,1,32,8,4,0.5,73.933,1.232,0.7420000047683716,0.7000000023841858,1775889760.8689733,1775889834.8014877,True
hyb_vehicles2_to_vehicles1_E32_K8_F6_ep60_s1,vehicles2_to_vehicles1,vehicles2,vehicles1,vehicles2->vehicles1,hybrid_transfer,hybrid,60,1,32,8,6,0.75,75.829,1.264,0.7180000023841858,0.6760000052452088,1775889837.6253676,1775889913.4544652,True
fix_vehicles2_to_vehicles1_E32_K8_F8_ep60_s1,vehicles2_to_vehicles1,vehicles2,vehicles1,vehicles2->vehicles1,hybrid_transfer,pure_fixed,60,1,32,8,8,1.0,73.554,1.226,0.7139999976158142,0.6600000004768372,1775888381.147395,1775888454.7018776,True
dyn_vehicles2_to_vehicles1_E8_K4_ep80_s3,vehicles2_to_vehicles1,vehicles2,vehicles1,vehicles2->vehicles1,target_dynamic,pure_dynamic,80,3,8,4,0,0.0,68.583,1.143,0.7259999957084656,0.7299999957084655,1775936584.9416819,1775936653.5246332,True
fix_vehicles2_to_vehicles1_E8_K4_F4_ep80_s3,vehicles2_to_vehicles1,vehicles2,vehicles1,vehicles2->vehicles1,hybrid_transfer,pure_fixed,80,3,8,4,4,1.0,68.302,1.138,0.7120000047683716,0.6760000009536743,1775937218.750372,1775937287.0520024,True
dyn_vehicles2_to_vehicles1_E16_K4_ep80_s3,vehicles2_to_vehicles1,vehicles2,vehicles1,vehicles2->vehicles1,target_dynamic,pure_dynamic,80,3,16,4,0,0.0,78.2,1.303,0.6760000028610229,0.6700000057220459,1775936019.432364,1775936097.6320128,True
hyb_vehicles2_to_vehicles1_E16_K4_F1_ep80_s3,vehicles2_to_vehicles1,vehicles2,vehicles1,vehicles2->vehicles1,hybrid_transfer,hybrid,80,3,16,4,1,0.25,82.266,1.371,0.7039999980926513,0.6980000052452088,1775937289.9559128,1775937372.2217174,True
hyb_vehicles2_to_vehicles1_E16_K4_F2_ep80_s3,vehicles2_to_vehicles1,vehicles2,vehicles1,vehicles2->vehicles1,hybrid_transfer,hybrid,80,3,16,4,2,0.5,81.722,1.362,0.7119999976158142,0.7180000004768372,1775937375.2696478,1775937456.9920747,True
hyb_vehicles2_to_vehicles1_E16_K4_F3_ep80_s3,vehicles2_to_vehicles1,vehicles2,vehicles1,vehicles2->vehicles1,hybrid_transfer,hybrid,80,3,16,4,3,0.75,79.363,1.323,0.7160000004768372,0.7499999952316284,1775937459.9560273,1775937539.3189912,True
fix_vehicles2_to_vehicles1_E16_K4_F4_ep80_s3,vehicles2_to_vehicles1,vehicles2,vehicles1,vehicles2->vehicles1,hybrid_transfer,pure_fixed,80,3,16,4,4,1.0,80.455,1.341,0.7419999928474427,0.7240000047683716,1775936656.548763,1775936737.0041945,True
dyn_vehicles2_to_vehicles1_E16_K6_ep80_s3,vehicles2_to_vehicles1,vehicles2,vehicles1,vehicles2->vehicles1,target_dynamic,pure_dynamic,80,3,16,6,0,0.0,80.972,1.35,0.7360000023841858,0.7000000028610229,1775936100.548148,1775936181.5198605,True
fix_vehicles2_to_vehicles1_E16_K6_F6_ep80_s3,vehicles2_to_vehicles1,vehicles2,vehicles1,vehicles2->vehicles1,hybrid_transfer,pure_fixed,80,3,16,6,6,1.0,78.946,1.316,0.6980000047683715,0.73,1775936739.947804,1775936818.8942587,True
dyn_vehicles2_to_vehicles1_E16_K8_ep80_s3,vehicles2_to_vehicles1,vehicles2,vehicles1,vehicles2->vehicles1,target_dynamic,pure_dynamic,80,3,16,8,0,0.0,81.072,1.351,0.7059999980926513,0.7219999980926514,1775936184.5319974,1775936265.6036577,True
fix_vehicles2_to_vehicles1_E16_K8_F8_ep80_s3,vehicles2_to_vehicles1,vehicles2,vehicles1,vehicles2->vehicles1,hybrid_transfer,pure_fixed,80,3,16,8,8,1.0,80.1,1.335,0.7419999952316284,0.7420000019073486,1775936821.8499343,1775936901.9499526,True
dyn_vehicles2_to_vehicles1_E32_K4_ep80_s3,vehicles2_to_vehicles1,vehicles2,vehicles1,vehicles2->vehicles1,target_dynamic,pure_dynamic,80,3,32,4,0,0.0,99.704,1.662,0.732,0.6980000047683715,1775936268.4517856,1775936368.1562219,True
fix_vehicles2_to_vehicles1_E32_K4_F4_ep80_s3,vehicles2_to_vehicles1,vehicles2,vehicles1,vehicles2->vehicles1,hybrid_transfer,pure_fixed,80,3,32,4,4,1.0,101.16,1.686,0.7300000042915344,0.6780000028610229,1775936904.8736892,1775937006.0336576,True
dyn_vehicles2_to_vehicles1_E32_K6_ep80_s3,vehicles2_to_vehicles1,vehicles2,vehicles1,vehicles2->vehicles1,target_dynamic,pure_dynamic,80,3,32,6,0,0.0,104.621,1.744,0.7160000004768372,0.6619999980926514,1775936371.0243485,1775936475.6449401,True
fix_vehicles2_to_vehicles1_E32_K6_F6_ep80_s3,vehicles2_to_vehicles1,vehicles2,vehicles1,vehicles2->vehicles1,hybrid_transfer,pure_fixed,80,3,32,6,6,1.0,102.074,1.701,0.7380000019073486,0.6959999957084656,1775937009.065447,1775937111.139255,True
dyn_vehicles2_to_vehicles1_E32_K8_ep80_s3,vehicles2_to_vehicles1,vehicles2,vehicles1,vehicles2->vehicles1,target_dynamic,pure_dynamic,80,3,32,8,0,0.0,103.472,1.725,0.6880000052452088,0.6520000057220459,1775936478.5690677,1775936582.0415566,True
fix_vehicles2_to_vehicles1_E32_K8_F8_ep80_s3,vehicles2_to_vehicles1,vehicles2,vehicles1,vehicles2->vehicles1,hybrid_transfer,pure_fixed,80,3,32,8,8,1.0,101.699,1.695,0.7500000042915345,0.7039999976158142,1775937114.0711012,1775937215.7704873,True
dyn_vehicles2_to_vehicles1_E8_K4_ep100_s1,vehicles2_to_vehicles1,vehicles2,vehicles1,vehicles2->vehicles1,target_dynamic,pure_dynamic,100,1,8,4,0,0.0,85.087,1.418,0.724,0.7239999957084656,1775901962.5323346,1775902047.6190712,True
hyb_vehicles2_to_vehicles1_E8_K4_F1_ep100_s1,vehicles2_to_vehicles1,vehicles2,vehicles1,vehicles2->vehicles1,hybrid_transfer,hybrid,100,1,8,4,1,0.25,87.257,1.454,0.738,0.72,1775905144.046466,1775905231.3030415,True
hyb_vehicles2_to_vehicles1_E8_K4_F2_ep100_s1,vehicles2_to_vehicles1,vehicles2,vehicles1,vehicles2->vehicles1,hybrid_transfer,hybrid,100,1,8,4,2,0.5,87.252,1.454,0.7379999952316284,0.7299999933242798,1775905234.1496272,1775905321.4013608,True
hyb_vehicles2_to_vehicles1_E8_K4_F3_ep100_s1,vehicles2_to_vehicles1,vehicles2,vehicles1,vehicles2->vehicles1,hybrid_transfer,hybrid,100,1,8,4,3,0.75,86.24,1.437,0.7199999957084656,0.7339999980926514,1775905324.3613746,1775905410.6018298,True
fix_vehicles2_to_vehicles1_E8_K4_F4_ep100_s1,vehicles2_to_vehicles1,vehicles2,vehicles1,vehicles2->vehicles1,hybrid_transfer,pure_fixed,100,1,8,4,4,1.0,85.024,1.417,0.7399999933242798,0.7399999933242798,1775902732.0247962,1775902817.0483031,True
dyn_vehicles2_to_vehicles1_E16_K4_ep100_s1,vehicles2_to_vehicles1,vehicles2,vehicles1,vehicles2->vehicles1,target_dynamic,pure_dynamic,100,1,16,4,0,0.0,98.97,1.65,0.7060000004768372,0.7599999952316284,1775901273.583936,1775901372.5543833,True
hyb_vehicles2_to_vehicles1_E16_K4_F1_ep100_s1,vehicles2_to_vehicles1,vehicles2,vehicles1,vehicles2->vehicles1,hybrid_transfer,hybrid,100,1,16,4,1,0.25,100.932,1.682,0.7460000047683716,0.7219999957084656,1775902819.94442,1775902920.8763967,True
hyb_vehicles2_to_vehicles1_E16_K4_F2_ep100_s1,vehicles2_to_vehicles1,vehicles2,vehicles1,vehicles2->vehicles1,hybrid_transfer,hybrid,100,1,16,4,2,0.5,98.916,1.649,0.7219999952316284,0.7280000023841858,1775902923.7565076,1775903022.672243,True
hyb_vehicles2_to_vehicles1_E16_K4_F3_ep100_s1,vehicles2_to_vehicles1,vehicles2,vehicles1,vehicles2->vehicles1,hybrid_transfer,hybrid,100,1,16,4,3,0.75,99.512,1.659,0.7440000023841858,0.677999993801117,1775903025.6363528,1775903125.1479783,True
fix_vehicles2_to_vehicles1_E16_K4_F4_ep100_s1,vehicles2_to_vehicles1,vehicles2,vehicles1,vehicles2->vehicles1,hybrid_transfer,pure_fixed,100,1,16,4,4,1.0,97.035,1.617,0.7359999952316284,0.6959999957084656,1775902050.611296,1775902147.6461852,True
dyn_vehicles2_to_vehicles1_E16_K6_ep100_s1,vehicles2_to_vehicles1,vehicles2,vehicles1,vehicles2->vehicles1,target_dynamic,pure_dynamic,100,1,16,6,0,0.0,99.77,1.663,0.7599999976158142,0.7260000042915344,1775901375.4584546,1775901475.2288892,True
hyb_vehicles2_to_vehicles1_E16_K6_F1_ep100_s1,vehicles2_to_vehicles1,vehicles2,vehicles1,vehicles2->vehicles1,hybrid_transfer,hybrid,100,1,16,6,1,0.16666666666666666,99.076,1.651,0.7159999957084656,0.7059999957084656,1775903128.096084,1775903227.1715856,True
hyb_vehicles2_to_vehicles1_E16_K6_F2_ep100_s1,vehicles2_to_vehicles1,vehicles2,vehicles1,vehicles2->vehicles1,hybrid_transfer,hybrid,100,1,16,6,2,0.3333333333333333,99.935,1.666,0.7339999976158142,0.6820000004768372,1775903230.1356888,1775903330.0711315,True
hyb_vehicles2_to_vehicles1_E16_K6_F4_ep100_s1,vehicles2_to_vehicles1,vehicles2,vehicles1,vehicles2->vehicles1,hybrid_transfer,hybrid,100,1,16,6,4,0.6666666666666666,101.235,1.687,0.7259999976158142,0.6780000028610229,1775903333.0032313,1775903434.238644,True
fix_vehicles2_to_vehicles1_E16_K6_F6_ep100_s1,vehicles2_to_vehicles1,vehicles2,vehicles1,vehicles2->vehicles1,hybrid_transfer,pure_fixed,100,1,16,6,6,1.0,97.922,1.632,0.756,0.6779999980926513,1775902150.5983834,1775902248.5206273,True
dyn_vehicles2_to_vehicles1_E16_K8_ep100_s1,vehicles2_to_vehicles1,vehicles2,vehicles1,vehicles2->vehicles1,target_dynamic,pure_dynamic,100,1,16,8,0,0.0,99.19,1.653,0.7459999976158143,0.728,1775901478.1289594,1775901577.319353,True
hyb_vehicles2_to_vehicles1_E16_K8_F1_ep100_s1,vehicles2_to_vehicles1,vehicles2,vehicles1,vehicles2->vehicles1,hybrid_transfer,hybrid,100,1,16,8,1,0.125,101.571,1.693,0.7339999957084655,0.7140000047683716,1775903437.182742,1775903538.7541041,True
hyb_vehicles2_to_vehicles1_E16_K8_F2_ep100_s1,vehicles2_to_vehicles1,vehicles2,vehicles1,vehicles2->vehicles1,hybrid_transfer,hybrid,100,1,16,8,2,0.25,100.267,1.671,0.7299999933242798,0.7160000023841858,1775903541.6181982,1775903641.8854675,True
hyb_vehicles2_to_vehicles1_E16_K8_F4_ep100_s1,vehicles2_to_vehicles1,vehicles2,vehicles1,vehicles2->vehicles1,hybrid_transfer,hybrid,100,1,16,8,4,0.5,100.055,1.668,0.7359999952316284,0.6940000004768372,1775903644.8175626,1775903744.872785,True
hyb_vehicles2_to_vehicles1_E16_K8_F6_ep100_s1,vehicles2_to_vehicles1,vehicles2,vehicles1,vehicles2->vehicles1,hybrid_transfer,hybrid,100,1,16,8,6,0.75,99.483,1.658,0.7520000047683716,0.7340000047683716,1775903747.7688777,1775903847.2520494,True
fix_vehicles2_to_vehicles1_E16_K8_F8_ep100_s1,vehicles2_to_vehicles1,vehicles2,vehicles1,vehicles2->vehicles1,hybrid_transfer,pure_fixed,100,1,16,8,8,1.0,98.718,1.645,0.7320000047683716,0.659999993801117,1775902251.3928013,1775902350.110505,True
dyn_vehicles2_to_vehicles1_E32_K4_ep100_s1,vehicles2_to_vehicles1,vehicles2,vehicles1,vehicles2->vehicles1,target_dynamic,pure_dynamic,100,1,32,4,0,0.0,123.124,2.052,0.7159999976158142,0.7140000047683716,1775901580.2994246,1775901703.4231339,True
hyb_vehicles2_to_vehicles1_E32_K4_F1_ep100_s1,vehicles2_to_vehicles1,vehicles2,vehicles1,vehicles2->vehicles1,hybrid_transfer,hybrid,100,1,32,4,1,0.25,125.589,2.093,0.7260000047683716,0.7459999952316284,1775903850.196143,1775903975.7847085,True
hyb_vehicles2_to_vehicles1_E32_K4_F2_ep100_s1,vehicles2_to_vehicles1,vehicles2,vehicles1,vehicles2->vehicles1,hybrid_transfer,hybrid,100,1,32,4,2,0.5,126.383,2.106,0.7239999976158142,0.7600000019073486,1775903978.7444615,1775904105.1273212,True
hyb_vehicles2_to_vehicles1_E32_K4_F3_ep100_s1,vehicles2_to_vehicles1,vehicles2,vehicles1,vehicles2->vehicles1,hybrid_transfer,hybrid,100,1,32,4,3,0.75,125.457,2.091,0.7479999933242798,0.7160000004768372,1775904108.0791378,1775904233.5364084,True
fix_vehicles2_to_vehicles1_E32_K4_F4_ep100_s1,vehicles2_to_vehicles1,vehicles2,vehicles1,vehicles2->vehicles1,hybrid_transfer,pure_fixed,100,1,32,4,4,1.0,123.31,2.055,0.7339999976158142,0.7260000047683716,1775902352.9706628,1775902476.2811165,True
dyn_vehicles2_to_vehicles1_E32_K6_ep100_s1,vehicles2_to_vehicles1,vehicles2,vehicles1,vehicles2->vehicles1,target_dynamic,pure_dynamic,100,1,32,6,0,0.0,123.747,2.062,0.7200000004768372,0.7199999980926514,1775901706.2657795,1775901830.0131311,True
hyb_vehicles2_to_vehicles1_E32_K6_F1_ep100_s1,vehicles2_to_vehicles1,vehicles2,vehicles1,vehicles2->vehicles1,hybrid_transfer,hybrid,100,1,32,6,1,0.16666666666666666,125.743,2.096,0.75,0.6739999980926513,1775904236.4962728,1775904362.2393498,True
hyb_vehicles2_to_vehicles1_E32_K6_F2_ep100_s1,vehicles2_to_vehicles1,vehicles2,vehicles1,vehicles2->vehicles1,hybrid_transfer,hybrid,100,1,32,6,2,0.3333333333333333,127.192,2.12,0.7240000023841858,0.7300000023841858,1775904365.1792529,1775904492.3717144,True
hyb_vehicles2_to_vehicles1_E32_K6_F4_ep100_s1,vehicles2_to_vehicles1,vehicles2,vehicles1,vehicles2->vehicles1,hybrid_transfer,hybrid,100,1,32,6,4,0.6666666666666666,128.938,2.149,0.746,0.7519999952316284,1775904495.2596478,1775904624.1972075,True
fix_vehicles2_to_vehicles1_E32_K6_F6_ep100_s1,vehicles2_to_vehicles1,vehicles2,vehicles1,vehicles2->vehicles1,hybrid_transfer,pure_fixed,100,1,32,6,6,1.0,123.498,2.058,0.7160000023841858,0.7440000042915345,1775902479.1892612,1775902602.6871321,True
dyn_vehicles2_to_vehicles1_E32_K8_ep100_s1,vehicles2_to_vehicles1,vehicles2,vehicles1,vehicles2->vehicles1,target_dynamic,pure_dynamic,100,1,32,8,0,0.0,126.739,2.112,0.7279999952316284,0.7339999976158142,1775901832.8931992,1775901959.6320925,True
hyb_vehicles2_to_vehicles1_E32_K8_F1_ep100_s1,vehicles2_to_vehicles1,vehicles2,vehicles1,vehicles2->vehicles1,hybrid_transfer,hybrid,100,1,32,8,1,0.125,126.058,2.101,0.7320000047683716,0.7619999980926514,1775904627.133163,1775904753.191642,True
hyb_vehicles2_to_vehicles1_E32_K8_F2_ep100_s1,vehicles2_to_vehicles1,vehicles2,vehicles1,vehicles2->vehicles1,hybrid_transfer,hybrid,100,1,32,8,2,0.25,127.875,2.131,0.7500000019073486,0.7280000047683716,1775904756.123615,1775904883.9987495,True
hyb_vehicles2_to_vehicles1_E32_K8_F4_ep100_s1,vehicles2_to_vehicles1,vehicles2,vehicles1,vehicles2->vehicles1,hybrid_transfer,hybrid,100,1,32,8,4,0.5,125.736,2.096,0.7279999933242798,0.734,1775904886.8907363,1775905012.6264012,True
hyb_vehicles2_to_vehicles1_E32_K8_F6_ep100_s1,vehicles2_to_vehicles1,vehicles2,vehicles1,vehicles2->vehicles1,hybrid_transfer,hybrid,100,1,32,8,6,0.75,125.72,2.095,0.7360000023841858,0.6899999980926513,1775905015.5103986,1775905141.230461,True
fix_vehicles2_to_vehicles1_E32_K8_F8_ep100_s1,vehicles2_to_vehicles1,vehicles2,vehicles1,vehicles2->vehicles1,hybrid_transfer,pure_fixed,100,1,32,8,8,1.0,123.521,2.059,0.72,0.7299999976158142,1775902605.627266,1775902729.1486747,True
